matrix_size,lesion_sigma_px,sigma,sigma_index,realization,dprime_analytic,h0_bottleneck_normalized,h1_bottleneck_normalized
64,5.0,0.25,0,0,35.449077018110316,0.9399562815920661,1.579482088412182
64,5.0,0.25,0,1,35.449077018110316,0.6482059013965675,0.9556348660605581
64,5.0,0.25,0,2,35.449077018110316,0.7166407848135665,1.295894012337553
64,5.0,0.25,0,3,35.449077018110316,1.1398047530831517,1.109124941870629
64,5.0,0.25,0,4,35.449077018110316,0.8969588490961751,0.9955731194627994
64,5.0,0.25,0,5,35.449077018110316,0.8518939344663543,0.909777400331508
64,5.0,0.25,0,6,35.449077018110316,0.8962284370809177,0.8944885535404162
64,5.0,0.25,0,7,35.449077018110316,0.9390273498448041,1.265312924347425
64,5.0,0.25,0,8,35.449077018110316,0.8122405927912725,0.7765136227671416
64,5.0,0.25,0,9,35.449077018110316,0.80823725713173,1.5362437967975107
64,5.0,0.25,0,10,35.449077018110316,1.4003588694713809,1.2445662258227084
64,5.0,0.25,0,11,35.449077018110316,1.000120632097723,1.0253202615830097
64,5.0,0.25,0,12,35.449077018110316,0.8812131310302207,1.4836577587357396
64,5.0,0.25,0,13,35.449077018110316,1.237321170368436,0.964587949832913
64,5.0,0.25,0,14,35.449077018110316,1.0914153156016122,0.7664126644932449
64,5.0,0.25,0,15,35.449077018110316,1.2940258356511665,0.927079123689754
64,5.0,0.35,1,0,25.320769298650227,0.831297606236692,0.8273187970132349
64,5.0,0.35,1,1,25.320769298650227,1.13051928871089,1.2147470897748243
64,5.0,0.35,1,2,25.320769298650227,0.8636286573093027,0.9387388743178862
64,5.0,0.35,1,3,25.320769298650227,1.27461431779585,0.9960304354790463
64,5.0,0.35,1,4,25.320769298650227,1.014064400115167,1.1265025846039938
64,5.0,0.35,1,5,25.320769298650227,0.7152818090635437,0.9661475627536118
64,5.0,0.35,1,6,25.320769298650227,1.1308258631040324,1.0673089894305559
64,5.0,0.35,1,7,25.320769298650227,0.6055706992754708,0.6675389722707423
64,5.0,0.35,1,8,25.320769298650227,1.3791509723130255,1.2758697213455217
64,5.0,0.35,1,9,25.320769298650227,0.7116589877486101,0.9366160210907085
64,5.0,0.35,1,10,25.320769298650227,1.0599342167766073,0.7184580388299783
64,5.0,0.35,1,11,25.320769298650227,0.7774834211615987,1.0941144818599795
64,5.0,0.35,1,12,25.320769298650227,0.8445384730821976,0.9669330338169045
64,5.0,0.35,1,13,25.320769298650227,1.049174883332551,1.0042428011753923
64,5.0,0.35,1,14,25.320769298650227,1.0150600577283733,0.951212461831003
64,5.0,0.35,1,15,25.320769298650227,0.6730296653476348,1.0636075459081367
64,5.0,0.5,2,0,17.724538509055158,0.9423778303420534,0.7280123701403064
64,5.0,0.5,2,1,17.724538509055158,0.8074130750987132,0.7873723342247801
64,5.0,0.5,2,2,17.724538509055158,0.9984180200849575,0.4621754738186611
64,5.0,0.5,2,3,17.724538509055158,0.9582006459334111,0.7036530228272087
64,5.0,0.5,2,4,17.724538509055158,0.7739647374735019,1.0980278910030847
64,5.0,0.5,2,5,17.724538509055158,0.50517264986732,0.5834267799431999
64,5.0,0.5,2,6,17.724538509055158,0.715208821293911,0.646590367700873
64,5.0,0.5,2,7,17.724538509055158,0.7519448874406793,0.7970520713806677
64,5.0,0.5,2,8,17.724538509055158,1.0407486966804593,0.9317166562749912
64,5.0,0.5,2,9,17.724538509055158,0.9196113391766494,0.8227446708553747
64,5.0,0.5,2,10,17.724538509055158,1.0708644812250956,0.8349569298091946
64,5.0,0.5,2,11,17.724538509055158,0.8092119381136866,0.7408137561911381
64,5.0,0.5,2,12,17.724538509055158,0.8053468335927255,0.8925856632987188
64,5.0,0.5,2,13,17.724538509055158,0.7662893857716289,1.0374029603983594
64,5.0,0.5,2,14,17.724538509055158,1.0368523681839994,0.8879853728423075
64,5.0,0.5,2,15,17.724538509055158,0.9373599719341112,1.0217242330902527
64,5.0,0.5,2,16,17.724538509055158,1.1014692863470001,0.7682522598609393
64,5.0,0.5,2,17,17.724538509055158,1.151202115373981,1.2745650805141615
64,5.0,0.5,2,18,17.724538509055158,1.0872783195875428,0.516749756640182
64,5.0,0.5,2,19,17.724538509055158,0.7157033877964677,1.018486602158
64,5.0,0.5,2,20,17.724538509055158,0.9483086022328847,0.6640379037716695
64,5.0,0.5,2,21,17.724538509055158,0.8511989080473745,0.840210165434891
64,5.0,0.5,2,22,17.724538509055158,0.7371384554025806,0.8801200239424085
64,5.0,0.5,2,23,17.724538509055158,0.8799393383063938,0.6600105017920185
64,5.0,0.5,2,24,17.724538509055158,0.8729318029997595,0.9674302909994186
64,5.0,0.5,2,25,17.724538509055158,0.9290960931553817,0.7176744632711257
64,5.0,0.5,2,26,17.724538509055158,0.7885708858199323,1.0917534474184745
64,5.0,0.5,2,27,17.724538509055158,0.7933397452514361,0.6991479343507931
64,5.0,0.5,2,28,17.724538509055158,0.7322156459413918,0.6525061406948962
64,5.0,0.5,2,29,17.724538509055158,1.211782096846333,0.6480259464282668
64,5.0,0.5,2,30,17.724538509055158,0.8070134418802308,0.6332035546924346
64,5.0,0.5,2,31,17.724538509055158,0.9720268784100969,0.5417480641834522
64,5.0,0.5,2,32,17.724538509055158,0.7661094570444206,0.7616374443207126
64,5.0,0.5,2,33,17.724538509055158,1.0857642815777437,0.5643550009434246
64,5.0,0.5,2,34,17.724538509055158,0.9210634091257942,1.4964806960686452
64,5.0,0.5,2,35,17.724538509055158,0.7891579371492727,0.7037261249721484
64,5.0,0.5,2,36,17.724538509055158,0.913570535270372,0.6268231044706912
64,5.0,0.5,2,37,17.724538509055158,1.1189971574397504,0.39569327762554257
64,5.0,0.5,2,38,17.724538509055158,1.345757337836094,0.7378359957287804
64,5.0,0.5,2,39,17.724538509055158,0.8022963872636003,0.7042357708208913
64,5.0,0.5,2,40,17.724538509055158,0.9736892102181451,0.6869554609913109
64,5.0,0.5,2,41,17.724538509055158,0.5779005314421417,0.9566503778950786
64,5.0,0.5,2,42,17.724538509055158,0.8184073702663112,0.8090408098441586
64,5.0,0.5,2,43,17.724538509055158,0.7993472417084169,0.8511136076734448
64,5.0,0.5,2,44,17.724538509055158,0.9103028992107678,0.6384562899914585
64,5.0,0.5,2,45,17.724538509055158,1.1494421069020153,0.5540295791149162
64,5.0,0.5,2,46,17.724538509055158,0.8672605235019321,0.6705000787111653
64,5.0,0.5,2,47,17.724538509055158,0.9517354804923606,0.6309355974677149
64,5.0,0.5,2,48,17.724538509055158,0.7977533339799463,0.7284119226723798
64,5.0,0.5,2,49,17.724538509055158,1.0145847494330376,0.7975790771033594
64,5.0,0.5,2,50,17.724538509055158,1.1752462017958076,0.5411303270253107
64,5.0,0.5,2,51,17.724538509055158,0.8983378400628184,0.9002941291197246
64,5.0,0.5,2,52,17.724538509055158,0.6791165598551155,0.9354497772638146
64,5.0,0.5,2,53,17.724538509055158,0.8204857853302459,0.8341085368575752
64,5.0,0.5,2,54,17.724538509055158,0.926719913345047,1.005705966556814
64,5.0,0.5,2,55,17.724538509055158,0.8205431339558487,0.7954238075142683
64,5.0,0.5,2,56,17.724538509055158,0.8895147947825054,1.1173542359591186
64,5.0,0.5,2,57,17.724538509055158,0.7747610301801278,1.0560474289783044
64,5.0,0.5,2,58,17.724538509055158,0.6034043154994654,0.8728503353093056
64,5.0,0.5,2,59,17.724538509055158,0.9568921232190292,0.7697612170143429
64,5.0,0.5,2,60,17.724538509055158,0.7679860456206916,0.7283590766184309
64,5.0,0.5,2,61,17.724538509055158,0.8935761622918854,1.0115591945725706
64,5.0,0.5,2,62,17.724538509055158,0.82358868335541,0.7507540108106243
64,5.0,0.5,2,63,17.724538509055158,0.8347904454242163,0.4335749736015483
64,5.0,0.65,3,0,13.63426039158089,0.7883808408724,0.6679498677432297
64,5.0,0.65,3,1,13.63426039158089,0.41642246173199265,0.5749914903271872
64,5.0,0.65,3,2,13.63426039158089,0.6849115113731735,0.4304733049595292
64,5.0,0.65,3,3,13.63426039158089,0.619853504417642,0.7706316100640942
64,5.0,0.65,3,4,13.63426039158089,0.5522830880805012,0.7135009076194965
64,5.0,0.65,3,5,13.63426039158089,0.7313271550782301,0.7410099110327314
64,5.0,0.65,3,6,13.63426039158089,0.6427599033571666,0.6837359027807759
64,5.0,0.65,3,7,13.63426039158089,0.7551248062075239,0.9756867828714646
64,5.0,0.65,3,8,13.63426039158089,1.1571947671457699,0.827984042161494
64,5.0,0.65,3,9,13.63426039158089,0.9615494930199623,0.5523929459861274
64,5.0,0.65,3,10,13.63426039158089,0.8306513615397678,0.6270864048599697
64,5.0,0.65,3,11,13.63426039158089,0.5308322519455525,0.8658152330771455
64,5.0,0.65,3,12,13.63426039158089,0.6396955652949687,0.4644108150822161
64,5.0,0.65,3,13,13.63426039158089,0.6050017852323397,0.5591176319088841
64,5.0,0.65,3,14,13.63426039158089,0.808408152774747,0.5774866671349
64,5.0,0.65,3,15,13.63426039158089,0.7464000493242748,0.5819118735508859
64,5.0,0.65,3,16,13.63426039158089,0.6084910553592294,0.5485112335579532
64,5.0,0.65,3,17,13.63426039158089,0.3963090884230617,0.5125796343121612
64,5.0,0.65,3,18,13.63426039158089,0.8181155645582157,0.5273945099810311
64,5.0,0.65,3,19,13.63426039158089,0.7033520734600561,0.5345977566350647
64,5.0,0.65,3,20,13.63426039158089,0.7030377516188188,0.6475712922931813
64,5.0,0.65,3,21,13.63426039158089,0.6945592057857339,0.7247841091112157
64,5.0,0.65,3,22,13.63426039158089,0.9257244709197567,0.814631833691187
64,5.0,0.65,3,23,13.63426039158089,0.8580637788407326,0.8149236434621986
64,5.0,0.65,3,24,13.63426039158089,0.6505193498516727,0.7474016704328622
64,5.0,0.65,3,25,13.63426039158089,0.8585999435771643,0.5602618307143771
64,5.0,0.65,3,26,13.63426039158089,0.5893755602504764,0.6311184792444259
64,5.0,0.65,3,27,13.63426039158089,0.9487070608986757,0.6457440055434847
64,5.0,0.65,3,28,13.63426039158089,0.5659740023619506,0.7490638981663609
64,5.0,0.65,3,29,13.63426039158089,0.5335745328003492,0.4458719629231765
64,5.0,0.65,3,30,13.63426039158089,0.9496416498678616,0.8479216955341368
64,5.0,0.65,3,31,13.63426039158089,0.4645099242781738,0.6659242842196537
64,5.0,0.65,3,32,13.63426039158089,0.5157882567330823,0.5277044091821808
64,5.0,0.65,3,33,13.63426039158089,0.6430046033908104,0.4712951998319919
64,5.0,0.65,3,34,13.63426039158089,0.5691460627510071,0.36387708761191406
64,5.0,0.65,3,35,13.63426039158089,0.9264434404475704,0.6014732367583654
64,5.0,0.65,3,36,13.63426039158089,0.7329880008285852,0.6869722096554851
64,5.0,0.65,3,37,13.63426039158089,0.4340374141779126,0.32147798162165975
64,5.0,0.65,3,38,13.63426039158089,0.9179770558324973,0.7223697189410206
64,5.0,0.65,3,39,13.63426039158089,0.7680326989704159,0.433749540749498
64,5.0,0.65,3,40,13.63426039158089,0.9763482746386797,0.6123510077890306
64,5.0,0.65,3,41,13.63426039158089,0.49019053544809293,0.5517319289568894
64,5.0,0.65,3,42,13.63426039158089,0.8135981873921532,0.6687702594301506
64,5.0,0.65,3,43,13.63426039158089,0.6741711318618839,0.4334845090754005
64,5.0,0.65,3,44,13.63426039158089,0.6704846377621668,0.7382383150902063
64,5.0,0.65,3,45,13.63426039158089,0.9615032450899011,0.7737461878857098
64,5.0,0.65,3,46,13.63426039158089,0.5917990641473695,0.5832690958695081
64,5.0,0.65,3,47,13.63426039158089,0.6209443646004353,0.5698958980744735
64,5.0,0.65,3,48,13.63426039158089,0.6164144359069351,0.7032923567943652
64,5.0,0.65,3,49,13.63426039158089,0.5766812166221905,0.48613102314557105
64,5.0,0.65,3,50,13.63426039158089,0.797300901482414,0.8344147987212068
64,5.0,0.65,3,51,13.63426039158089,0.65251035430356,0.6273992962259564
64,5.0,0.65,3,52,13.63426039158089,1.1001570249545425,0.8469408730954238
64,5.0,0.65,3,53,13.63426039158089,0.4607327487284612,0.6943140044499677
64,5.0,0.65,3,54,13.63426039158089,0.5590516447358341,0.5218238026346228
64,5.0,0.65,3,55,13.63426039158089,0.8445326783710195,0.49651815483583794
64,5.0,0.65,3,56,13.63426039158089,0.578436872522243,0.4792212538434699
64,5.0,0.65,3,57,13.63426039158089,0.7252821510485742,0.39353451374166887
64,5.0,0.65,3,58,13.63426039158089,1.1916165590022647,0.8416796839941705
64,5.0,0.65,3,59,13.63426039158089,0.8164274948528675,0.9675455050086785
64,5.0,0.65,3,60,13.63426039158089,0.9262627885820492,0.5850438152474617
64,5.0,0.65,3,61,13.63426039158089,0.7871113714538636,0.4988689368125917
64,5.0,0.65,3,62,13.63426039158089,0.8079267710639046,0.6801416209542984
64,5.0,0.65,3,63,13.63426039158089,0.6700147005901913,0.4077137635329437
64,5.0,0.8,4,0,11.077836568159473,0.6359004137073413,0.3725593019344244
64,5.0,0.8,4,1,11.077836568159473,0.36698567953555694,0.4142349091544449
64,5.0,0.8,4,2,11.077836568159473,0.5333666240276275,0.4604714147833844
64,5.0,0.8,4,3,11.077836568159473,0.549514041546767,0.2378754246072251
64,5.0,0.8,4,4,11.077836568159473,0.6292867718267589,0.263765704796487
64,5.0,0.8,4,5,11.077836568159473,0.702870205601029,0.4825044340543988
64,5.0,0.8,4,6,11.077836568159473,0.9108587370767762,0.36783605424737004
64,5.0,0.8,4,7,11.077836568159473,0.5906977385224672,0.5289422519121151
64,5.0,0.8,4,8,11.077836568159473,0.5247085746190486,0.3255675355359168
64,5.0,0.8,4,9,11.077836568159473,0.48184050335788303,0.33874610766630897
64,5.0,0.8,4,10,11.077836568159473,0.9825185974159526,0.7225067591743736
64,5.0,0.8,4,11,11.077836568159473,0.7315822904791233,0.5156661806253393
64,5.0,0.8,4,12,11.077836568159473,0.5871641509947841,0.3959326684996445
64,5.0,0.8,4,13,11.077836568159473,0.388179597906185,0.3463135639133312
64,5.0,0.8,4,14,11.077836568159473,0.42992005146881906,0.3769264775211077
64,5.0,0.8,4,15,11.077836568159473,0.7019989552618363,0.40380222255786347
64,5.0,0.8,4,16,11.077836568159473,0.8410230388662765,0.3188648414118575
64,5.0,0.8,4,17,11.077836568159473,0.6783830081852683,0.3577488309301352
64,5.0,0.8,4,18,11.077836568159473,0.3139735461810855,0.6096509191124203
64,5.0,0.8,4,19,11.077836568159473,0.4333406481009061,0.44379330634029934
64,5.0,0.8,4,20,11.077836568159473,0.685182170077695,0.4098687392176592
64,5.0,0.8,4,21,11.077836568159473,0.48358017740132736,0.5057225879733842
64,5.0,0.8,4,22,11.077836568159473,0.5934978247828896,0.5615768574782495
64,5.0,0.8,4,23,11.077836568159473,0.5243671222629853,0.5407295744959296
64,5.0,0.8,4,24,11.077836568159473,0.7074048979430786,0.4036382620122148
64,5.0,0.8,4,25,11.077836568159473,0.6617116088697698,0.28192538666958833
64,5.0,0.8,4,26,11.077836568159473,0.6687997903387899,0.5117095586501316
64,5.0,0.8,4,27,11.077836568159473,0.4387714860639899,0.6493173519202722
64,5.0,0.8,4,28,11.077836568159473,0.8512180795584608,0.5597157982722257
64,5.0,0.8,4,29,11.077836568159473,0.6883654670978003,0.4269338690343272
64,5.0,0.8,4,30,11.077836568159473,0.40607727372108066,0.5732434075510187
64,5.0,0.8,4,31,11.077836568159473,0.7456795238241015,0.5634345296028187
64,5.0,0.8,4,32,11.077836568159473,0.5437291587318723,0.43284396937527186
64,5.0,0.8,4,33,11.077836568159473,0.6675008598756967,0.3267216806809671
64,5.0,0.8,4,34,11.077836568159473,0.7206718883633053,0.40936093593282996
64,5.0,0.8,4,35,11.077836568159473,0.8852451134454248,0.44768163744082823
64,5.0,0.8,4,36,11.077836568159473,0.7344099714135629,0.4307764421545886
64,5.0,0.8,4,37,11.077836568159473,0.6417708790414735,0.420118048283222
64,5.0,0.8,4,38,11.077836568159473,0.3763433494959679,0.8734710465856693
64,5.0,0.8,4,39,11.077836568159473,0.40242554554784327,0.49897835888433417
64,5.0,0.8,4,40,11.077836568159473,0.46028760492386145,0.4025987641273852
64,5.0,0.8,4,41,11.077836568159473,0.7763026031389728,0.48719795209728833
64,5.0,0.8,4,42,11.077836568159473,0.4967199915503587,0.3713039698909498
64,5.0,0.8,4,43,11.077836568159473,0.43932079429549226,0.3884830653066766
64,5.0,0.8,4,44,11.077836568159473,0.6377922054468599,0.44449132639672095
64,5.0,0.8,4,45,11.077836568159473,0.5665778446862988,0.4038623923765551
64,5.0,0.8,4,46,11.077836568159473,0.3812325104500754,0.6694880161546832
64,5.0,0.8,4,47,11.077836568159473,0.5099895944196281,0.3504808942113267
64,5.0,0.8,4,48,11.077836568159473,0.6889956410711379,0.3793222849323549
64,5.0,0.8,4,49,11.077836568159473,0.9207765894697922,0.5644175675874604
64,5.0,0.8,4,50,11.077836568159473,0.8637879670159402,0.49067808537645846
64,5.0,0.8,4,51,11.077836568159473,0.6093985957426462,0.5328764384051977
64,5.0,0.8,4,52,11.077836568159473,0.5310458227551286,0.5983455934727622
64,5.0,0.8,4,53,11.077836568159473,0.3837576632153161,0.4844546546046591
64,5.0,0.8,4,54,11.077836568159473,0.5005358808159419,0.28721259046075653
64,5.0,0.8,4,55,11.077836568159473,0.766707038541784,0.3792374745988257
64,5.0,0.8,4,56,11.077836568159473,0.6688723366133698,0.38814370644276464
64,5.0,0.8,4,57,11.077836568159473,0.3849355200788568,0.2920929139357712
64,5.0,0.8,4,58,11.077836568159473,0.467921191933665,0.4108137236205562
64,5.0,0.8,4,59,11.077836568159473,0.5874683372775197,0.6367986839831546
64,5.0,0.8,4,60,11.077836568159473,0.664023093238525,0.3854324026049258
64,5.0,0.8,4,61,11.077836568159473,0.45315120271153725,0.48325359078737085
64,5.0,0.8,4,62,11.077836568159473,0.5263387296531998,0.3800927625006668
64,5.0,0.8,4,63,11.077836568159473,0.9619827589070462,0.42027093950246064
64,5.0,1.0,5,0,8.862269254527579,0.5718935223662611,0.2286603806108394
64,5.0,1.0,5,1,8.862269254527579,0.5974357723516974,0.43499744575012017
64,5.0,1.0,5,2,8.862269254527579,0.3202409986477822,0.2677129812460623
64,5.0,1.0,5,3,8.862269254527579,0.8780770646316389,0.2679165621420335
64,5.0,1.0,5,4,8.862269254527579,0.5801125694089382,0.5591550810814649
64,5.0,1.0,5,5,8.862269254527579,0.4630040455531977,0.4935525567484873
64,5.0,1.0,5,6,8.862269254527579,0.4020070806728831,0.28076338426356007
64,5.0,1.0,5,7,8.862269254527579,0.4697400818769914,0.409324979707807
64,5.0,1.0,5,8,8.862269254527579,0.45927895128534213,0.27474395111089545
64,5.0,1.0,5,9,8.862269254527579,0.7483033568275206,0.32379086584577454
64,5.0,1.0,5,10,8.862269254527579,0.6453680496491608,0.3720582246295715
64,5.0,1.0,5,11,8.862269254527579,0.4664239934422483,0.39615107976528324
64,5.0,1.0,5,12,8.862269254527579,0.35927342629123193,0.2617965716844961
64,5.0,1.0,5,13,8.862269254527579,0.3120300764063287,0.4232503960905952
64,5.0,1.0,5,14,8.862269254527579,0.7060307907513793,0.48894871917515437
64,5.0,1.0,5,15,8.862269254527579,0.3317653329155616,0.31491743328458366
64,5.0,1.0,5,16,8.862269254527579,0.324279162168065,0.392048164610433
64,5.0,1.0,5,17,8.862269254527579,0.2576739747428215,0.25225569004854465
64,5.0,1.0,5,18,8.862269254527579,0.4347173054850032,0.41103670925805
64,5.0,1.0,5,19,8.862269254527579,0.5836861061785605,0.3822658154879157
64,5.0,1.0,5,20,8.862269254527579,0.26634452513531026,0.18728244774389846
64,5.0,1.0,5,21,8.862269254527579,0.3888616892405614,0.2824830170110233
64,5.0,1.0,5,22,8.862269254527579,0.4885187346105992,0.4819083201911938
64,5.0,1.0,5,23,8.862269254527579,0.3804712725750683,0.26490678967986464
64,5.0,1.0,5,24,8.862269254527579,0.25256950081384616,0.6002091735815592
64,5.0,1.0,5,25,8.862269254527579,0.38506862305811246,0.32298302682265284
64,5.0,1.0,5,26,8.862269254527579,0.5220509088179528,0.4216707841068706
64,5.0,1.0,5,27,8.862269254527579,0.7717276740059886,0.35052062776646264
64,5.0,1.0,5,28,8.862269254527579,0.34997772525259135,0.4713306879937691
64,5.0,1.0,5,29,8.862269254527579,0.691218571906056,0.5864473933141933
64,5.0,1.0,5,30,8.862269254527579,0.53322207455159,0.4274210765496298
64,5.0,1.0,5,31,8.862269254527579,0.7714865821362238,0.41629028285377234
64,5.0,1.0,5,32,8.862269254527579,0.7169995232917997,0.5176140296113902
64,5.0,1.0,5,33,8.862269254527579,0.2403308895920797,0.32299901066381076
64,5.0,1.0,5,34,8.862269254527579,0.4746765447019873,0.5885773981663875
64,5.0,1.0,5,35,8.862269254527579,0.26988318683449075,0.37644268650799384
64,5.0,1.0,5,36,8.862269254527579,0.2935847820520134,0.4306280299490651
64,5.0,1.0,5,37,8.862269254527579,0.31816002030046153,0.254131233395386
64,5.0,1.0,5,38,8.862269254527579,0.6473029712430811,0.2889933489007908
64,5.0,1.0,5,39,8.862269254527579,0.3958264131971767,0.26592088399940583
64,5.0,1.0,5,40,8.862269254527579,0.3935427281813999,0.44052010738329206
64,5.0,1.0,5,41,8.862269254527579,0.6427850113666818,0.5006894868002747
64,5.0,1.0,5,42,8.862269254527579,0.3996790930535965,0.392866736495539
64,5.0,1.0,5,43,8.862269254527579,0.4621793483088589,0.3355607658881532
64,5.0,1.0,5,44,8.862269254527579,0.3456987292297008,0.3072163447905366
64,5.0,1.0,5,45,8.862269254527579,0.6690048766628225,0.3454632593142485
64,5.0,1.0,5,46,8.862269254527579,0.395796183929418,0.4085958104131846
64,5.0,1.0,5,47,8.862269254527579,0.4012180130938006,0.3188090496749444
64,5.0,1.0,5,48,8.862269254527579,0.31932779853829385,0.32912978066331094
64,5.0,1.0,5,49,8.862269254527579,0.3811260974938582,0.4665055845046682
64,5.0,1.0,5,50,8.862269254527579,0.6015993898449388,0.19611365072475961
64,5.0,1.0,5,51,8.862269254527579,0.2664463974580875,0.32295249677242444
64,5.0,1.0,5,52,8.862269254527579,0.3001523483099836,0.445775184070176
64,5.0,1.0,5,53,8.862269254527579,0.45922979526378527,0.7471807681819822
64,5.0,1.0,5,54,8.862269254527579,0.6144897931023068,0.23461931918110324
64,5.0,1.0,5,55,8.862269254527579,0.36422807219926934,0.42183869478121766
64,5.0,1.0,5,56,8.862269254527579,0.3832956374589912,0.543313072344427
64,5.0,1.0,5,57,8.862269254527579,0.39042422004866856,0.3733479502613643
64,5.0,1.0,5,58,8.862269254527579,0.8192855269119899,0.4116122759385291
64,5.0,1.0,5,59,8.862269254527579,0.4212739877421381,0.28281836155683954
64,5.0,1.0,5,60,8.862269254527579,0.3296068342213399,0.3882945555655662
64,5.0,1.0,5,61,8.862269254527579,0.45717386715206376,0.30388914094689656
64,5.0,1.0,5,62,8.862269254527579,0.3767059027508588,0.4948129005738747
64,5.0,1.0,5,63,8.862269254527579,0.3631192901897953,0.24140316295699438
64,5.0,1.25,6,0,7.0898154036220635,0.3189211360437333,0.2103951163375724
64,5.0,1.25,6,1,7.0898154036220635,0.3438148706108388,0.2793271013666042
64,5.0,1.25,6,2,7.0898154036220635,0.36377634212465165,0.24444678323638902
64,5.0,1.25,6,3,7.0898154036220635,0.3031114696628508,0.2618527968752291
64,5.0,1.25,6,4,7.0898154036220635,0.25884340370396136,0.21160170984207216
64,5.0,1.25,6,5,7.0898154036220635,0.25684287640556913,0.47633341935354523
64,5.0,1.25,6,6,7.0898154036220635,0.338728276597787,0.44446837317499577
64,5.0,1.25,6,7,7.0898154036220635,0.38669869371854493,0.5677996747645018
64,5.0,1.25,6,8,7.0898154036220635,0.31125331233735876,0.2918173033232277
64,5.0,1.25,6,9,7.0898154036220635,0.20901870516022142,0.37890076769873077
64,5.0,1.25,6,10,7.0898154036220635,0.20473978535179366,0.2355077598204085
64,5.0,1.25,6,11,7.0898154036220635,0.5961444645423689,0.7101014282810064
64,5.0,1.25,6,12,7.0898154036220635,0.26562017853240427,0.34137723746506043
64,5.0,1.25,6,13,7.0898154036220635,0.2653245355892262,0.21805818068163035
64,5.0,1.25,6,14,7.0898154036220635,0.24183326423230606,0.417648910898488
64,5.0,1.25,6,15,7.0898154036220635,0.487686510104273,0.3911118915475146
64,5.0,1.25,6,16,7.0898154036220635,0.32503499759111243,0.2584617681760181
64,5.0,1.25,6,17,7.0898154036220635,0.5842867441798474,0.5677225033643376
64,5.0,1.25,6,18,7.0898154036220635,0.36565697309122147,0.2600162999224653
64,5.0,1.25,6,19,7.0898154036220635,0.5952903505817485,0.23932676815899018
64,5.0,1.25,6,20,7.0898154036220635,0.43198997865797706,0.3950754852878025
64,5.0,1.25,6,21,7.0898154036220635,0.2669334718647045,0.5526107795053091
64,5.0,1.25,6,22,7.0898154036220635,0.2104598093789436,0.2566790462567676
64,5.0,1.25,6,23,7.0898154036220635,0.43919672739266513,0.3599454452242094
64,5.0,1.25,6,24,7.0898154036220635,0.4052569940628711,0.2791054536247747
64,5.0,1.25,6,25,7.0898154036220635,0.25567239759009713,0.2339063038143936
64,5.0,1.25,6,26,7.0898154036220635,0.3636657555760753,0.45745692712924724
64,5.0,1.25,6,27,7.0898154036220635,0.31524102817666383,0.38286150429789484
64,5.0,1.25,6,28,7.0898154036220635,0.4435495401491824,0.251035776569552
64,5.0,1.25,6,29,7.0898154036220635,0.5101283315893701,0.29921963744618857
64,5.0,1.25,6,30,7.0898154036220635,0.33002729681691517,0.6392510898466067
64,5.0,1.25,6,31,7.0898154036220635,0.36014974999056976,0.44716111045920554
64,5.0,1.25,6,32,7.0898154036220635,0.5569381717126424,0.2761567001297296
64,5.0,1.25,6,33,7.0898154036220635,0.3677891255896176,0.39518464381891166
64,5.0,1.25,6,34,7.0898154036220635,0.35199092650035785,0.41739660551678226
64,5.0,1.25,6,35,7.0898154036220635,0.4227401894805836,0.3364631129091036
64,5.0,1.25,6,36,7.0898154036220635,0.31923736453312523,0.3250273903188126
64,5.0,1.25,6,37,7.0898154036220635,0.15789453394298564,0.21293742504922655
64,5.0,1.25,6,38,7.0898154036220635,0.15385694661814972,0.3419403522799325
64,5.0,1.25,6,39,7.0898154036220635,0.43526667619348114,0.3590016606530301
64,5.0,1.25,6,40,7.0898154036220635,0.42991500357452744,0.2123787916547303
64,5.0,1.25,6,41,7.0898154036220635,0.5139189533546217,0.38553180200244486
64,5.0,1.25,6,42,7.0898154036220635,0.23903724771619722,0.33082323107589173
64,5.0,1.25,6,43,7.0898154036220635,0.2827255484290821,0.22347719821894177
64,5.0,1.25,6,44,7.0898154036220635,0.42117334613187635,0.20064271253304522
64,5.0,1.25,6,45,7.0898154036220635,0.4272859367619583,0.28660646592206174
64,5.0,1.25,6,46,7.0898154036220635,0.3314419387267798,0.3908427943375449
64,5.0,1.25,6,47,7.0898154036220635,0.2936319246589577,0.3558515326788439
64,5.0,1.25,6,48,7.0898154036220635,0.2619248035772855,0.24671912320740633
64,5.0,1.25,6,49,7.0898154036220635,0.34075454689401485,0.18768375125099868
64,5.0,1.25,6,50,7.0898154036220635,0.2482702889368972,0.20967211035514488
64,5.0,1.25,6,51,7.0898154036220635,0.4613432749351434,0.5098185973277445
64,5.0,1.25,6,52,7.0898154036220635,0.3472443496985669,0.4068717093306298
64,5.0,1.25,6,53,7.0898154036220635,0.28669045007319277,0.1756930989192457
64,5.0,1.25,6,54,7.0898154036220635,0.39623917544735054,0.5035060973223021
64,5.0,1.25,6,55,7.0898154036220635,0.36403169236118404,0.24804042655217015
64,5.0,1.25,6,56,7.0898154036220635,0.3228904617569742,0.21078490607703299
64,5.0,1.25,6,57,7.0898154036220635,0.6389833366478321,0.28103860213603754
64,5.0,1.25,6,58,7.0898154036220635,0.26506535744470494,0.2961349737355049
64,5.0,1.25,6,59,7.0898154036220635,0.19919927854713365,0.2827535466894835
64,5.0,1.25,6,60,7.0898154036220635,0.38080351768024523,0.41345880052966794
64,5.0,1.25,6,61,7.0898154036220635,0.6471905698966186,0.20405894326856283
64,5.0,1.25,6,62,7.0898154036220635,0.4098854695559028,0.29833788842766334
64,5.0,1.25,6,63,7.0898154036220635,0.6646048749752611,0.4602168994860585
64,5.0,1.6,7,0,5.538918284079736,0.21685130924939167,0.4298434794411976
64,5.0,1.6,7,1,5.538918284079736,0.32039462891555476,0.27753785764815464
64,5.0,1.6,7,2,5.538918284079736,0.2595204089744589,0.30119467577874914
64,5.0,1.6,7,3,5.538918284079736,0.1919926500278201,0.17322558814578656
64,5.0,1.6,7,4,5.538918284079736,0.3837126461907421,0.24651617027058628
64,5.0,1.6,7,5,5.538918284079736,0.18954418443453683,0.19470978204968334
64,5.0,1.6,7,6,5.538918284079736,0.4147818884580968,0.2427244057795639
64,5.0,1.6,7,7,5.538918284079736,0.448390970484125,0.3204185352507338
64,5.0,1.6,7,8,5.538918284079736,0.3105992848544402,0.2369097813279658
64,5.0,1.6,7,9,5.538918284079736,0.20919043276420815,0.13351847328956856
64,5.0,1.6,7,10,5.538918284079736,0.15748271223299937,0.16118273037031797
64,5.0,1.6,7,11,5.538918284079736,0.2888238783973733,0.29029511566398725
64,5.0,1.6,7,12,5.538918284079736,0.3544231138895017,0.24816048109734595
64,5.0,1.6,7,13,5.538918284079736,0.3112677456687057,0.3985245199578911
64,5.0,1.6,7,14,5.538918284079736,0.3477613365596595,0.2669220553462845
64,5.0,1.6,7,15,5.538918284079736,0.25374593411676827,0.2100818338389925
64,5.0,1.6,7,16,5.538918284079736,0.25024862928205993,0.27253888358393097
64,5.0,1.6,7,17,5.538918284079736,0.2722295350111709,0.27128528793889617
64,5.0,1.6,7,18,5.538918284079736,0.28876372368467773,0.26291477417753545
64,5.0,1.6,7,19,5.538918284079736,0.3203801895647447,0.24993087019473892
64,5.0,1.6,7,20,5.538918284079736,0.441650583766197,0.21612028893263308
64,5.0,1.6,7,21,5.538918284079736,0.2621514910606735,0.43748086407308967
64,5.0,1.6,7,22,5.538918284079736,0.22153346639251342,0.17807392800409613
64,5.0,1.6,7,23,5.538918284079736,0.14780607797960413,0.32631851433513137
64,5.0,1.6,7,24,5.538918284079736,0.17618509045276634,0.2780664794864529
64,5.0,1.6,7,25,5.538918284079736,0.44369296714800643,0.34252090371809485
64,5.0,1.6,7,26,5.538918284079736,0.22770567241884462,0.3586610734273704
64,5.0,1.6,7,27,5.538918284079736,0.14609914265978385,0.138051762573064
64,5.0,1.6,7,28,5.538918284079736,0.22049646614776,0.2253688797440831
64,5.0,1.6,7,29,5.538918284079736,0.2119150134044151,0.16398310693388973
64,5.0,1.6,7,30,5.538918284079736,0.21962584204562588,0.22176774048203318
64,5.0,1.6,7,31,5.538918284079736,0.1699539321395023,0.3656794572803364
64,5.0,1.6,7,32,5.538918284079736,0.1635558214278767,0.1774766203430861
64,5.0,1.6,7,33,5.538918284079736,0.4317379959934603,0.5712374451472433
64,5.0,1.6,7,34,5.538918284079736,0.5944825449196536,0.32061441562993986
64,5.0,1.6,7,35,5.538918284079736,0.16621748433316144,0.3261258397371375
64,5.0,1.6,7,36,5.538918284079736,0.3003543090149247,0.3262232857472079
64,5.0,1.6,7,37,5.538918284079736,0.20278089008262445,0.159907917548849
64,5.0,1.6,7,38,5.538918284079736,0.1455716956935816,0.2780192333088398
64,5.0,1.6,7,39,5.538918284079736,0.2581020840423652,0.26777742103502394
64,5.0,1.6,7,40,5.538918284079736,0.39778938352543014,0.283370613576096
64,5.0,1.6,7,41,5.538918284079736,0.27186101166212984,0.5360891321497314
64,5.0,1.6,7,42,5.538918284079736,0.38516079272785525,0.326254669936525
64,5.0,1.6,7,43,5.538918284079736,0.1912624181504785,0.1893763348860847
64,5.0,1.6,7,44,5.538918284079736,0.28895614361047023,0.3703249672139895
64,5.0,1.6,7,45,5.538918284079736,0.26462360622062764,0.4867703054498884
64,5.0,1.6,7,46,5.538918284079736,0.4241702085780001,0.3262619802856534
64,5.0,1.6,7,47,5.538918284079736,0.24034936660271594,0.2731310024295384
64,5.0,1.6,7,48,5.538918284079736,0.21339992157323062,0.3262853076450646
64,5.0,1.6,7,49,5.538918284079736,0.1967496513902685,0.17873661005724106
64,5.0,1.6,7,50,5.538918284079736,0.27519072108595455,0.21482511675148716
64,5.0,1.6,7,51,5.538918284079736,0.2632006235799224,0.15631877253763568
64,5.0,1.6,7,52,5.538918284079736,0.19592858395559454,0.21938341931853428
64,5.0,1.6,7,53,5.538918284079736,0.2026374843929745,0.398845542917656
64,5.0,1.6,7,54,5.538918284079736,0.617941735670924,0.46744729497718973
64,5.0,1.6,7,55,5.538918284079736,0.25364786069492007,0.32622365573136314
64,5.0,1.6,7,56,5.538918284079736,0.24633345461360312,0.4841202986825588
64,5.0,1.6,7,57,5.538918284079736,0.25847583174289174,0.34201407965309444
64,5.0,1.6,7,58,5.538918284079736,0.3353289754687908,0.2710871983572301
64,5.0,1.6,7,59,5.538918284079736,0.24609891398547154,0.1378734328951949
64,5.0,1.6,7,60,5.538918284079736,0.22518859801195493,0.20071454192448995
64,5.0,1.6,7,61,5.538918284079736,0.35646406873202613,0.18593473227271112
64,5.0,1.6,7,62,5.538918284079736,0.35934301883509,0.258735794618193
64,5.0,1.6,7,63,5.538918284079736,0.2526539397918707,0.17616455096438824
64,5.0,2.0,8,0,4.4311346272637895,0.20719134882888363,0.17056073884290435
64,5.0,2.0,8,1,4.4311346272637895,0.12660555042391633,0.3350684591583455
64,5.0,2.0,8,2,4.4311346272637895,0.13237687694036382,0.15466769116405898
64,5.0,2.0,8,3,4.4311346272637895,0.24039891759519438,0.2029996492693073
64,5.0,2.0,8,4,4.4311346272637895,0.29431516846073363,0.3382355603959778
64,5.0,2.0,8,5,4.4311346272637895,0.31758638347800777,0.4950164835092925
64,5.0,2.0,8,6,4.4311346272637895,0.1755821135037641,0.3741343574234868
64,5.0,2.0,8,7,4.4311346272637895,0.14836911140258469,0.2896572877400934
64,5.0,2.0,8,8,4.4311346272637895,0.22114111929757646,0.14060958825767295
64,5.0,2.0,8,9,4.4311346272637895,0.2040819110310358,0.3195139248637202
64,5.0,2.0,8,10,4.4311346272637895,0.1381261765207058,0.22059488059850813
64,5.0,2.0,8,11,4.4311346272637895,0.2452704722893489,0.23686206257567466
64,5.0,2.0,8,12,4.4311346272637895,0.4218442351478997,0.26975551191214286
64,5.0,2.0,8,13,4.4311346272637895,0.2520914663381235,0.2716592335995137
64,5.0,2.0,8,14,4.4311346272637895,0.21370729701449737,0.1647630950865474
64,5.0,2.0,8,15,4.4311346272637895,0.13607040133863244,0.17361039702480752
64,5.0,2.0,8,16,4.4311346272637895,0.2001301543646461,0.23951611947391968
64,5.0,2.0,8,17,4.4311346272637895,0.1637601751749856,0.24648516839409768
64,5.0,2.0,8,18,4.4311346272637895,0.13647870160261605,0.3731590158212963
64,5.0,2.0,8,19,4.4311346272637895,0.3900608951942073,0.22522705293337736
64,5.0,2.0,8,20,4.4311346272637895,0.2168912746626776,0.25847518138998804
64,5.0,2.0,8,21,4.4311346272637895,0.31474618509386565,0.19619478246617258
64,5.0,2.0,8,22,4.4311346272637895,0.20391728046498708,0.2357124500052571
64,5.0,2.0,8,23,4.4311346272637895,0.17518184824143512,0.28494440665085374
64,5.0,2.0,8,24,4.4311346272637895,0.33181006401077895,0.2067778889428607
64,5.0,2.0,8,25,4.4311346272637895,0.2145118364062644,0.18413995283529344
64,5.0,2.0,8,26,4.4311346272637895,0.12807540854655777,0.26558572823752546
64,5.0,2.0,8,27,4.4311346272637895,0.28199527777705957,0.1936522851231573
64,5.0,2.0,8,28,4.4311346272637895,0.23178060426108132,0.19704947880136467
64,5.0,2.0,8,29,4.4311346272637895,0.2409330410880075,0.26939177435021744
64,5.0,2.0,8,30,4.4311346272637895,0.271643842312436,0.27165081898320825
64,5.0,2.0,8,31,4.4311346272637895,0.2474603499403476,0.17623635931730755
64,5.0,2.0,8,32,4.4311346272637895,0.167842342775392,0.25842833360067036
64,5.0,2.0,8,33,4.4311346272637895,0.4049088765670096,0.2667507081225048
64,5.0,2.0,8,34,4.4311346272637895,0.23014552304642752,0.15534595545970767
64,5.0,2.0,8,35,4.4311346272637895,0.13211297542254757,0.1496130195158224
64,5.0,2.0,8,36,4.4311346272637895,0.17574301158741967,0.18216518752199565
64,5.0,2.0,8,37,4.4311346272637895,0.21942556415975348,0.23317723117513683
64,5.0,2.0,8,38,4.4311346272637895,0.2989883719189703,0.2555129633830223
64,5.0,2.0,8,39,4.4311346272637895,0.18445850457491503,0.1680692411197484
64,5.0,2.0,8,40,4.4311346272637895,0.24096260957128007,0.2643695100229185
64,5.0,2.0,8,41,4.4311346272637895,0.29613906378131516,0.2674855822505344
64,5.0,2.0,8,42,4.4311346272637895,0.23422656255230967,0.241958407462183
64,5.0,2.0,8,43,4.4311346272637895,0.21866149692439923,0.1360071611682504
64,5.0,2.0,8,44,4.4311346272637895,0.21530993322655564,0.17860785820871278
64,5.0,2.0,8,45,4.4311346272637895,0.11794280639598773,0.24101686735163838
64,5.0,2.0,8,46,4.4311346272637895,0.16115135252385393,0.17573419138031607
64,5.0,2.0,8,47,4.4311346272637895,0.17220060728269826,0.16156055630384206
64,5.0,2.0,8,48,4.4311346272637895,0.22170379540171176,0.19200244326981702
64,5.0,2.0,8,49,4.4311346272637895,0.16484286534495504,0.3664434025746641
64,5.0,2.0,8,50,4.4311346272637895,0.2117658197457219,0.3062894508888081
64,5.0,2.0,8,51,4.4311346272637895,0.18522046222728566,0.2137172802912499
64,5.0,2.0,8,52,4.4311346272637895,0.13855277510101816,0.2383940672292271
64,5.0,2.0,8,53,4.4311346272637895,0.2717064527458333,0.23772901343893937
64,5.0,2.0,8,54,4.4311346272637895,0.2137303506687585,0.3616443255263274
64,5.0,2.0,8,55,4.4311346272637895,0.18809421021981945,0.2610205074607368
64,5.0,2.0,8,56,4.4311346272637895,0.4439493160534326,0.2723724089395747
64,5.0,2.0,8,57,4.4311346272637895,0.27371309378586517,0.2437316331696602
64,5.0,2.0,8,58,4.4311346272637895,0.15544954967114685,0.18194683499012
64,5.0,2.0,8,59,4.4311346272637895,0.3893637806806873,0.345351702647956
64,5.0,2.0,8,60,4.4311346272637895,0.13404694056878222,0.25418780325272994
64,5.0,2.0,8,61,4.4311346272637895,0.24450174392871354,0.3578527572803858
64,5.0,2.0,8,62,4.4311346272637895,0.1685293160161804,0.1610431495996738
64,5.0,2.0,8,63,4.4311346272637895,0.18953972100432614,0.2568153526434464
64,5.0,2.5,9,0,3.5449077018110318,0.2118843631953821,0.22988560981002243
64,5.0,2.5,9,1,3.5449077018110318,0.11997651533731775,0.13450201872602946
64,5.0,2.5,9,2,3.5449077018110318,0.15018918533489672,0.2674792973341851
64,5.0,2.5,9,3,3.5449077018110318,0.1708237324236677,0.17796653460239487
64,5.0,2.5,9,4,3.5449077018110318,0.3007382872075781,0.17410832031707973
64,5.0,2.5,9,5,3.5449077018110318,0.17910213786498047,0.2380495029925312
64,5.0,2.5,9,6,3.5449077018110318,0.14088670663697295,0.18764088095728532
64,5.0,2.5,9,7,3.5449077018110318,0.1271557309579316,0.11672535850455046
64,5.0,2.5,9,8,3.5449077018110318,0.33748393767296514,0.23351051877023182
64,5.0,2.5,9,9,3.5449077018110318,0.27919135808484286,0.23164533792777187
64,5.0,2.5,9,10,3.5449077018110318,0.26219855601894076,0.1916654016631058
64,5.0,2.5,9,11,3.5449077018110318,0.2503673487369292,0.20238387795866403
64,5.0,2.5,9,12,3.5449077018110318,0.2285521063789417,0.18140436232955107
64,5.0,2.5,9,13,3.5449077018110318,0.18383503151394678,0.284111434679905
64,5.0,2.5,9,14,3.5449077018110318,0.1872743712719931,0.18403042994340213
64,5.0,2.5,9,15,3.5449077018110318,0.13315484067572608,0.22184268056779155
64,5.0,2.5,9,16,3.5449077018110318,0.19542512772752801,0.19201231385967538
64,5.0,2.5,9,17,3.5449077018110318,0.21785353283450223,0.11280812633713752
64,5.0,2.5,9,18,3.5449077018110318,0.351263079936963,0.20621177659897377
64,5.0,2.5,9,19,3.5449077018110318,0.29670861428119333,0.396017221105872
64,5.0,2.5,9,20,3.5449077018110318,0.20122718844066778,0.2992808630743634
64,5.0,2.5,9,21,3.5449077018110318,0.28688384086553287,0.3960558092364434
64,5.0,2.5,9,22,3.5449077018110318,0.12591166970698717,0.20961494759438964
64,5.0,2.5,9,23,3.5449077018110318,0.1767204339932904,0.1776793068239256
64,5.0,2.5,9,24,3.5449077018110318,0.13773547501039815,0.20881471846949767
64,5.0,2.5,9,25,3.5449077018110318,0.14722605734041952,0.16820333672902546
64,5.0,2.5,9,26,3.5449077018110318,0.2310799350031057,0.16353213216279222
64,5.0,2.5,9,27,3.5449077018110318,0.16273466675376574,0.2466172051418213
64,5.0,2.5,9,28,3.5449077018110318,0.1772733444862132,0.142873226265079
64,5.0,2.5,9,29,3.5449077018110318,0.3573128640798326,0.3338918830381929
64,5.0,2.5,9,30,3.5449077018110318,0.16256058351223945,0.15724621793480137
64,5.0,2.5,9,31,3.5449077018110318,0.24507176831981153,0.2370374919791714
64,5.0,2.5,9,32,3.5449077018110318,0.20126395125719226,0.1796107467059516
64,5.0,2.5,9,33,3.5449077018110318,0.22876050899985373,0.15849111080344253
64,5.0,2.5,9,34,3.5449077018110318,0.22203732346358612,0.19580193577907137
64,5.0,2.5,9,35,3.5449077018110318,0.17792909086185182,0.23546035380881464
64,5.0,2.5,9,36,3.5449077018110318,0.3512211953165409,0.1766852812613523
64,5.0,2.5,9,37,3.5449077018110318,0.2642255132494011,0.2762950160349528
64,5.0,2.5,9,38,3.5449077018110318,0.13977188686002445,0.2654544882578861
64,5.0,2.5,9,39,3.5449077018110318,0.12803007302591754,0.2846149714987242
64,5.0,2.5,9,40,3.5449077018110318,0.19074722985972734,0.17359371005963134
64,5.0,2.5,9,41,3.5449077018110318,0.1642537672295143,0.19388286614083056
64,5.0,2.5,9,42,3.5449077018110318,0.36730137654100703,0.3804879328524602
64,5.0,2.5,9,43,3.5449077018110318,0.14891031885586506,0.1563408407293013
64,5.0,2.5,9,44,3.5449077018110318,0.270234412621141,0.20878183663695954
64,5.0,2.5,9,45,3.5449077018110318,0.1967434870810395,0.11359350441843259
64,5.0,2.5,9,46,3.5449077018110318,0.1779322027017901,0.18015314246468955
64,5.0,2.5,9,47,3.5449077018110318,0.17468393417384837,0.21015126633885836
64,5.0,2.5,9,48,3.5449077018110318,0.1642493358311207,0.17479808932491137
64,5.0,2.5,9,49,3.5449077018110318,0.21196319311253617,0.1525580637042497
64,5.0,2.5,9,50,3.5449077018110318,0.1761887585909559,0.2993049752207225
64,5.0,2.5,9,51,3.5449077018110318,0.2354510348590984,0.2549545100570333
64,5.0,2.5,9,52,3.5449077018110318,0.13715768485564409,0.22176918674829774
64,5.0,2.5,9,53,3.5449077018110318,0.1247770933103374,0.19906028718179308
64,5.0,2.5,9,54,3.5449077018110318,0.2682679354239215,0.17722820169586256
64,5.0,2.5,9,55,3.5449077018110318,0.13297641293993231,0.17312918193174953
64,5.0,2.5,9,56,3.5449077018110318,0.14273356854428454,0.14094486738171635
64,5.0,2.5,9,57,3.5449077018110318,0.1809093230083993,0.21733762826317862
64,5.0,2.5,9,58,3.5449077018110318,0.2556409210052464,0.18756320894182435
64,5.0,2.5,9,59,3.5449077018110318,0.09069681813759763,0.16404659197631075
64,5.0,2.5,9,60,3.5449077018110318,0.23543450327937535,0.19500456934575738
64,5.0,2.5,9,61,3.5449077018110318,0.2285094824467196,0.15535106751766511
64,5.0,2.5,9,62,3.5449077018110318,0.11725066047724378,0.12548257143147262
64,5.0,2.5,9,63,3.5449077018110318,0.35122118630325494,0.24596488414206452
64,5.0,3.2,10,0,2.769459142039868,0.12636102690030285,0.263984277464981
64,5.0,3.2,10,1,2.769459142039868,0.1800048745671518,0.2388939767261123
64,5.0,3.2,10,2,2.769459142039868,0.2636313344099129,0.14946778317568654
64,5.0,3.2,10,3,2.769459142039868,0.12136777431454689,0.15817337799987632
64,5.0,3.2,10,4,2.769459142039868,0.15060460302627707,0.16313116096196317
64,5.0,3.2,10,5,2.769459142039868,0.16683798083346837,0.1871492599920701
64,5.0,3.2,10,6,2.769459142039868,0.16031019679291103,0.24338264451915106
64,5.0,3.2,10,7,2.769459142039868,0.17130043148800628,0.20813360156522256
64,5.0,3.2,10,8,2.769459142039868,0.10482176167254563,0.2437212191019574
64,5.0,3.2,10,9,2.769459142039868,0.16313386174034106,0.1467722056405915
64,5.0,3.2,10,10,2.769459142039868,0.2130561850758731,0.1723637399450758
64,5.0,3.2,10,11,2.769459142039868,0.1981662183464189,0.17122147773939256
64,5.0,3.2,10,12,2.769459142039868,0.30940521741696264,0.13901779452094346
64,5.0,3.2,10,13,2.769459142039868,0.1806418568935305,0.20150034390949692
64,5.0,3.2,10,14,2.769459142039868,0.2454473217884966,0.24337060119126078
64,5.0,3.2,10,15,2.769459142039868,0.15530956707531104,0.10341994567206278
64,5.0,3.2,10,16,2.769459142039868,0.18394540108288476,0.17272602463619285
64,5.0,3.2,10,17,2.769459142039868,0.3037781718878285,0.1839621170063247
64,5.0,3.2,10,18,2.769459142039868,0.14763561974490544,0.13356522855470376
64,5.0,3.2,10,19,2.769459142039868,0.24337067013930366,0.17245317397957322
64,5.0,3.2,10,20,2.769459142039868,0.17744299049813034,0.1283176179549694
64,5.0,3.2,10,21,2.769459142039868,0.16698872549332486,0.1496907959588297
64,5.0,3.2,10,22,2.769459142039868,0.27028608632270174,0.15506373594291267
64,5.0,3.2,10,23,2.769459142039868,0.13507229655714237,0.2972672442279771
64,5.0,3.2,10,24,2.769459142039868,0.15260787876187032,0.1051331945825656
64,5.0,3.2,10,25,2.769459142039868,0.20674343625666855,0.26364957468013794
64,5.0,3.2,10,26,2.769459142039868,0.3093844695924409,0.1151385269065994
64,5.0,3.2,10,27,2.769459142039868,0.2534601156724876,0.16980162094027001
64,5.0,3.2,10,28,2.769459142039868,0.1525841854954934,0.19418354865833468
64,5.0,3.2,10,29,2.769459142039868,0.14362197021331205,0.17378377771712722
64,5.0,3.2,10,30,2.769459142039868,0.14739586783243477,0.26363113595618465
64,5.0,3.2,10,31,2.769459142039868,0.2822630213320874,0.21941578324810299
64,5.0,3.2,10,32,2.769459142039868,0.16340676094989473,0.2744245078089303
64,5.0,3.2,10,33,2.769459142039868,0.20763870487721262,0.2744175287740104
64,5.0,3.2,10,34,2.769459142039868,0.2103002130876241,0.14718352334926652
64,5.0,3.2,10,35,2.769459142039868,0.15443726625444584,0.12603941762161516
64,5.0,3.2,10,36,2.769459142039868,0.24976403507555062,0.2165440911696051
64,5.0,3.2,10,37,2.769459142039868,0.2744185670872491,0.24338841422687485
64,5.0,3.2,10,38,2.769459142039868,0.16314034871851943,0.1420965010438426
64,5.0,3.2,10,39,2.769459142039868,0.26363946518913606,0.15060120985563405
64,5.0,3.2,10,40,2.769459142039868,0.16202968356528105,0.17952750881674645
64,5.0,3.2,10,41,2.769459142039868,0.19023046073438235,0.128620836124357
64,5.0,3.2,10,42,2.769459142039868,0.11501554690822424,0.23056274530504758
64,5.0,3.2,10,43,2.769459142039868,0.17354849947443565,0.19218307857279493
64,5.0,3.2,10,44,2.769459142039868,0.16056533502623802,0.16316194541109405
64,5.0,3.2,10,45,2.769459142039868,0.14681882515345732,0.16313654264255323
64,5.0,3.2,10,46,2.769459142039868,0.1661008580566423,0.2234533086890245
64,5.0,3.2,10,47,2.769459142039868,0.22112662430668623,0.14572212516950386
64,5.0,3.2,10,48,2.769459142039868,0.24425735820139244,0.222790822573219
64,5.0,3.2,10,49,2.769459142039868,0.25416089877200443,0.27443019124648127
64,5.0,3.2,10,50,2.769459142039868,0.1419930020712802,0.1631633043206403
64,5.0,3.2,10,51,2.769459142039868,0.0905979913557977,0.1751537951969974
64,5.0,3.2,10,52,2.769459142039868,0.12168742588815441,0.23382957709128738
64,5.0,3.2,10,53,2.769459142039868,0.16977795447139038,0.24337684706915208
64,5.0,3.2,10,54,2.769459142039868,0.14945425241001162,0.10505376125541105
64,5.0,3.2,10,55,2.769459142039868,0.12438214271693927,0.26222065683928447
64,5.0,3.2,10,56,2.769459142039868,0.142906542695418,0.23384620245422055
64,5.0,3.2,10,57,2.769459142039868,0.15366651649595836,0.20736152524375612
64,5.0,3.2,10,58,2.769459142039868,0.13849773696585777,0.16314876873667666
64,5.0,3.2,10,59,2.769459142039868,0.21673661267270716,0.29723885064088756
64,5.0,3.2,10,60,2.769459142039868,0.16312543321019043,0.1477113921239942
64,5.0,3.2,10,61,2.769459142039868,0.15583494384355218,0.1832807882345111
64,5.0,3.2,10,62,2.769459142039868,0.13900825835664124,0.14215660831586457
64,5.0,3.2,10,63,2.769459142039868,0.14212000440570638,0.2318099797848464
64,5.0,4.0,11,0,2.2155673136318947,0.13048398307372144,0.17270052972702782
64,5.0,4.0,11,1,2.2155673136318947,0.13284350373965712,0.16590119714664903
64,5.0,4.0,11,2,2.2155673136318947,0.21090321760472402,0.18854620614465634
64,5.0,4.0,11,3,2.2155673136318947,0.19012969582120992,0.10654850359627387
64,5.0,4.0,11,4,2.2155673136318947,0.1386868977642945,0.11688050181599505
64,5.0,4.0,11,5,2.2155673136318947,0.15939747780836674,0.18540380807800988
64,5.0,4.0,11,6,2.2155673136318947,0.19313710526023703,0.2250715577166888
64,5.0,4.0,11,7,2.2155673136318947,0.15392953919198774,0.13584120029593544
64,5.0,4.0,11,8,2.2155673136318947,0.12990521241819525,0.12841729073696007
64,5.0,4.0,11,9,2.2155673136318947,0.16593089889832088,0.18706122068981829
64,5.0,4.0,11,10,2.2155673136318947,0.20231806730804602,0.17390302611233255
64,5.0,4.0,11,11,2.2155673136318947,0.21954103059959562,0.11419214043605894
64,5.0,4.0,11,12,2.2155673136318947,0.20000387210771842,0.16128723246479817
64,5.0,4.0,11,13,2.2155673136318947,0.15940536906824732,0.17993846499505378
64,5.0,4.0,11,14,2.2155673136318947,0.13999396001963604,0.12256181555871329
64,5.0,4.0,11,15,2.2155673136318947,0.13685040173844382,0.17269539852828852
64,5.0,4.0,11,16,2.2155673136318947,0.12693649436768323,0.16462958874950984
64,5.0,4.0,11,17,2.2155673136318947,0.12887488295765132,0.19038639243095754
64,5.0,4.0,11,18,2.2155673136318947,0.10662907157013879,0.11649066506373101
64,5.0,4.0,11,19,2.2155673136318947,0.23781790378486128,0.2377868757491317
64,5.0,4.0,11,20,2.2155673136318947,0.1274967068185805,0.17266921078305308
64,5.0,4.0,11,21,2.2155673136318947,0.15941039460861667,0.16746128827416917
64,5.0,4.0,11,22,2.2155673136318947,0.18708502664914906,0.2109250010690264
64,5.0,4.0,11,23,2.2155673136318947,0.16317094777585445,0.1314839679618645
64,5.0,4.0,11,24,2.2155673136318947,0.13994086084626028,0.124823247141964
64,5.0,4.0,11,25,2.2155673136318947,0.12332852706039799,0.15938873370246714
64,5.0,4.0,11,26,2.2155673136318947,0.1870612481469467,0.12635785455774184
64,5.0,4.0,11,27,2.2155673136318947,0.14717040338372728,0.148997174287326
64,5.0,4.0,11,28,2.2155673136318947,0.14447008561934988,0.15091818884835806
64,5.0,4.0,11,29,2.2155673136318947,0.14062780872674746,0.16315092548282967
64,5.0,4.0,11,30,2.2155673136318947,0.13021499282396054,0.13533831012319125
64,5.0,4.0,11,31,2.2155673136318947,0.21091638308179605,0.23781768910553047
64,5.0,4.0,11,32,2.2155673136318947,0.10998192949421194,0.12940285950305774
64,5.0,4.0,11,33,2.2155673136318947,0.14748392505225033,0.159427919966871
64,5.0,4.0,11,34,2.2155673136318947,0.1475655256476984,0.1421278932158807
64,5.0,4.0,11,35,2.2155673136318947,0.2475071639878527,0.13584000137233007
64,5.0,4.0,11,36,2.2155673136318947,0.14252768972181823,0.22848075606771476
64,5.0,4.0,11,37,2.2155673136318947,0.1659878777420123,0.23778870484028594
64,5.0,4.0,11,38,2.2155673136318947,0.13910587879766773,0.1471604251471053
64,5.0,4.0,11,39,2.2155673136318947,0.11193958255119832,0.14945532282729565
64,5.0,4.0,11,40,2.2155673136318947,0.10112161547010061,0.12180528841570853
64,5.0,4.0,11,41,2.2155673136318947,0.15058429068046808,0.1536236309727153
64,5.0,4.0,11,42,2.2155673136318947,0.19114202436531935,0.16487818496350315
64,5.0,4.0,11,43,2.2155673136318947,0.19056060168426103,0.16305326004727316
64,5.0,4.0,11,44,2.2155673136318947,0.11371716685370989,0.20654697589831655
64,5.0,4.0,11,45,2.2155673136318947,0.12009025371849671,0.11940577782918996
64,5.0,4.0,11,46,2.2155673136318947,0.219533345551973,0.1448290532304694
64,5.0,4.0,11,47,2.2155673136318947,0.14910831929435697,0.16590802413240696
64,5.0,4.0,11,48,2.2155673136318947,0.10697190935772688,0.194693059879034
64,5.0,4.0,11,49,2.2155673136318947,0.18249691952175554,0.15315255340258827
64,5.0,4.0,11,50,2.2155673136318947,0.12048089976707188,0.1471326881272808
64,5.0,4.0,11,51,2.2155673136318947,0.1424966143163841,0.10772283306330464
64,5.0,4.0,11,52,2.2155673136318947,0.17734231703962533,0.18707310177735376
64,5.0,4.0,11,53,2.2155673136318947,0.23781545571620455,0.1946846410354527
64,5.0,4.0,11,54,2.2155673136318947,0.10683232425766284,0.12594048140291067
64,5.0,4.0,11,55,2.2155673136318947,0.12738394948642848,0.1946934490348759
64,5.0,4.0,11,56,2.2155673136318947,0.2475149247202107,0.1383194947646254
64,5.0,4.0,11,57,2.2155673136318947,0.08980807083063606,0.12047720818094299
64,5.0,4.0,11,58,2.2155673136318947,0.17632059083717738,0.21093062252103362
64,5.0,4.0,11,59,2.2155673136318947,0.13584159629733972,0.13051053470527818
64,5.0,4.0,11,60,2.2155673136318947,0.19930129647343175,0.23358895069981758
64,5.0,4.0,11,61,2.2155673136318947,0.16591631905320423,0.17296571500694766
64,5.0,4.0,11,62,2.2155673136318947,0.12497621550812829,0.15821415728796515
64,5.0,4.0,11,63,2.2155673136318947,0.14922770543783506,0.1497458583628078
64,5.0,5.0,12,0,1.7724538509055159,0.11670877138479444,0.13812788754144828
64,5.0,5.0,12,1,1.7724538509055159,0.09529222131962474,0.1044063307870493
64,5.0,5.0,12,2,1.7724538509055159,0.11772506067740254,0.14964604141641397
64,5.0,5.0,12,3,1.7724538509055159,0.1412086250655304,0.15142658989323438
64,5.0,5.0,12,4,1.7724538509055159,0.09068260071025473,0.15576290027129464
64,5.0,5.0,12,5,1.7724538509055159,0.09639482869556262,0.12081652927046091
64,5.0,5.0,12,6,1.7724538509055159,0.12752305256315735,0.15880154835118357
64,5.0,5.0,12,7,1.7724538509055159,0.0967881807912209,0.09638101878146846
64,5.0,5.0,12,8,1.7724538509055159,0.09829949340477948,0.13432664903056754
64,5.0,5.0,12,9,1.7724538509055159,0.17562195535149705,0.1606839022066801
64,5.0,5.0,12,10,1.7724538509055159,0.10567475698734985,0.10867482867287662
64,5.0,5.0,12,11,1.7724538509055159,0.10441400646875312,0.16872716208240277
64,5.0,5.0,12,12,1.7724538509055159,0.18528257594363712,0.15424180365288115
64,5.0,5.0,12,13,1.7724538509055159,0.12056825423071801,0.14964568667914352
64,5.0,5.0,12,14,1.7724538509055159,0.11084139184903977,0.1381417440148429
64,5.0,5.0,12,15,1.7724538509055159,0.10440469404363335,0.16872229531057897
64,5.0,5.0,12,16,1.7724538509055159,0.09676687780597323,0.149652979135803
64,5.0,5.0,12,17,1.7724538509055159,0.19800725661964033,0.10800123307266465
64,5.0,5.0,12,18,1.7724538509055159,0.1386999390442098,0.1014965356819928
64,5.0,5.0,12,19,1.7724538509055159,0.15575707034197048,0.15041991164003207
64,5.0,5.0,12,20,1.7724538509055159,0.19024529114818986,0.10712669018827414
64,5.0,5.0,12,21,1.7724538509055159,0.08548094747262444,0.15576756433874522
64,5.0,5.0,12,22,1.7724538509055159,0.13018520412919074,0.14994158425166
64,5.0,5.0,12,23,1.7724538509055159,0.19800117510707493,0.17563689579659697
64,5.0,5.0,12,24,1.7724538509055159,0.09630655117380774,0.17561709313802396
64,5.0,5.0,12,25,1.7724538509055159,0.17560471224938473,0.12022873626074629
64,5.0,5.0,12,26,1.7724538509055159,0.07958237930429865,0.11449021379696918
64,5.0,5.0,12,27,1.7724538509055159,0.13272932510027746,0.10866808465390645
64,5.0,5.0,12,28,1.7724538509055159,0.10436244912152026,0.09590131001776792
64,5.0,5.0,12,29,1.7724538509055159,0.11166096353975394,0.13816487632190996
64,5.0,5.0,12,30,1.7724538509055159,0.12073918540291831,0.09626564675763752
64,5.0,5.0,12,31,1.7724538509055159,0.1064488957719579,0.108674789269672
64,5.0,5.0,12,32,1.7724538509055159,0.17562428919818837,0.12181351231472741
64,5.0,5.0,12,33,1.7724538509055159,0.19024155145763919,0.14427157686297587
64,5.0,5.0,12,34,1.7724538509055159,0.13271848659653712,0.15074391549420224
64,5.0,5.0,12,35,1.7724538509055159,0.15576198767693547,0.13959089427654042
64,5.0,5.0,12,36,1.7724538509055159,0.12156173152025382,0.16873528290807854
64,5.0,5.0,12,37,1.7724538509055159,0.149652719200749,0.12252227922398115
64,5.0,5.0,12,38,1.7724538509055159,0.11966378619346787,0.10366300451433916
64,5.0,5.0,12,39,1.7724538509055159,0.18567249534931735,0.14437770448017173
64,5.0,5.0,12,40,1.7724538509055159,0.10689153599011521,0.13926452610971726
64,5.0,5.0,12,41,1.7724538509055159,0.13088300160007832,0.16808772266427588
64,5.0,5.0,12,42,1.7724538509055159,0.14045517844665725,0.13143362213898163
64,5.0,5.0,12,43,1.7724538509055159,0.1673383819678559,0.15575852489292502
64,5.0,5.0,12,44,1.7724538509055159,0.09407909463953594,0.13275919053530028
64,5.0,5.0,12,45,1.7724538509055159,0.08646846802956949,0.1093652534011705
64,5.0,5.0,12,46,1.7724538509055159,0.10734980827048639,0.1327311381056374
64,5.0,5.0,12,47,1.7724538509055159,0.10442352454278483,0.09858325593375922
64,5.0,5.0,12,48,1.7724538509055159,0.15575849819348125,0.13814737773089564
64,5.0,5.0,12,49,1.7724538509055159,0.09403057709489715,0.15957023334613685
64,5.0,5.0,12,50,1.7724538509055159,0.1584957531666952,0.15027009981409784
64,5.0,5.0,12,51,1.7724538509055159,0.11455929862515477,0.14596986687091004
64,5.0,5.0,12,52,1.7724538509055159,0.14934821585557206,0.11773096331158603
64,5.0,5.0,12,53,1.7724538509055159,0.08546065903371439,0.15575494230041498
64,5.0,5.0,12,54,1.7724538509055159,0.1275309089401063,0.14517376157626177
64,5.0,5.0,12,55,1.7724538509055159,0.11541603393475183,0.14046802940658903
64,5.0,5.0,12,56,1.7724538509055159,0.15576386617735075,0.16456646169814704
64,5.0,5.0,12,57,1.7724538509055159,0.1902375842965061,0.1327336707672136
64,5.0,5.0,12,58,1.7724538509055159,0.16872665967303396,0.11369923309449818
64,5.0,5.0,12,59,1.7724538509055159,0.11771978816172227,0.14701717238522366
64,5.0,5.0,12,60,1.7724538509055159,0.09596580540265934,0.09465173771462598
64,5.0,5.0,12,61,1.7724538509055159,0.11429311079163959,0.14165710135125487
64,5.0,5.0,12,62,1.7724538509055159,0.10691702707783632,0.11772390191251328
64,5.0,5.0,12,63,1.7724538509055159,0.1687271673358687,0.12752571793583117
64,5.0,6.5,13,0,1.363426039158089,0.14059543088603788,0.1405998577939573
64,5.0,6.5,13,1,1.363426039158089,0.07183848487504657,0.10627584971426471
64,5.0,6.5,13,2,1.363426039158089,0.13195452122490686,0.1198197571756693
64,5.0,6.5,13,3,1.363426039158089,0.11512101135293255,0.1405941106270922
64,5.0,6.5,13,4,1.363426039158089,0.1157301443072228,0.11982316755306129
64,5.0,6.5,13,5,1.363426039158089,0.0794581303973486,0.12979767437646234
64,5.0,6.5,13,6,1.363426039158089,0.13509371633232536,0.0980991166716733
64,5.0,6.5,13,7,1.363426039158089,0.10206969845423539,0.10699817748259159
64,5.0,6.5,13,8,1.363426039158089,0.10659721067349372,0.11981905284092684
64,5.0,6.5,13,9,1.363426039158089,0.12562654805441203,0.13660323248367917
64,5.0,6.5,13,10,1.363426039158089,0.1350941826909098,0.12563402997145814
64,5.0,6.5,13,11,1.363426039158089,0.10652556465802873,0.1350916602145464
64,5.0,6.5,13,12,1.363426039158089,0.09669367859138776,0.11830631918246547
64,5.0,6.5,13,13,1.363426039158089,0.09495602317830915,0.1067322911884011
64,5.0,6.5,13,14,1.363426039158089,0.14634042833764144,0.1405938904970513
64,5.0,6.5,13,15,1.363426039158089,0.13378792432464887,0.14060199315624505
64,5.0,8.0,14,0,1.1077836568159474,0.10108366526795867,0.0937430218442141
64,5.0,8.0,14,1,1.1077836568159474,0.09679661706395815,0.08114871598933515
64,5.0,8.0,14,2,1.1077836568159474,0.11890638952394267,0.08733377941984834
64,5.0,8.0,14,3,1.1077836568159474,0.07969593859964133,0.09291626034234501
64,5.0,8.0,14,4,1.1077836568159474,0.08795553710404658,0.1097644672127035
64,5.0,8.0,14,5,1.1077836568159474,0.118903902885952,0.09605879546470497
64,5.0,8.0,14,6,1.1077836568159474,0.08633133490688841,0.09367524303155916
64,5.0,8.0,14,7,1.1077836568159474,0.09418752783340163,0.1054616513090486
64,5.0,8.0,14,8,1.1077836568159474,0.07950507549960453,0.10975148769678963
64,5.0,8.0,14,9,1.1077836568159474,0.08530535581969498,0.0806316139433595
64,5.0,8.0,14,10,1.1077836568159474,0.07970953272307787,0.11785569344364241
64,5.0,8.0,14,11,1.1077836568159474,0.10976581888635364,0.11890011252166854
64,5.0,8.0,14,12,1.1077836568159474,0.11425213458191633,0.1142389072044803
64,5.0,8.0,14,13,1.1077836568159474,0.09734904450156995,0.09353375370939318
64,5.0,8.0,14,14,1.1077836568159474,0.10279588328513248,0.11890779697282874
64,5.0,8.0,14,15,1.1077836568159474,0.105458574270229,0.11890655054984228
64,5.0,12.0,15,0,0.7385224378772982,0.08250412225146135,0.07926838698400641
64,5.0,12.0,15,1,0.7385224378772982,0.07317797924710408,0.0825094193370485
64,5.0,12.0,15,2,0.7385224378772982,0.07533005484296691,0.07317947394338874
64,5.0,12.0,15,3,0.7385224378772982,0.06906904274424114,0.06915823270320945
64,5.0,12.0,15,4,0.7385224378772982,0.05656249593129137,0.07317207935156099
64,5.0,12.0,15,5,0.7385224378772982,0.0824982512800802,0.06490222006177139
64,5.0,12.0,15,6,0.7385224378772982,0.07926893386626505,0.07927102655560928
64,5.0,12.0,15,7,0.7385224378772982,0.07317130031993196,0.07926848413131798
64,5.0,12.0,15,8,0.7385224378772982,0.07816879308747049,0.07317482442400768
64,5.0,12.0,15,9,0.7385224378772982,0.07616258034251387,0.0824993798927718
64,5.0,12.0,15,10,0.7385224378772982,0.0731783878082891,0.08250738492594227
64,5.0,12.0,15,11,0.7385224378772982,0.0792680055590384,0.07307576886565052
64,5.0,12.0,15,12,0.7385224378772982,0.07317674271671036,0.07927242247378141
64,5.0,12.0,15,13,0.7385224378772982,0.07317939896673199,0.079269239354306
64,5.0,12.0,15,14,0.7385224378772982,0.07030604128085714,0.07030552878737989
64,5.0,12.0,15,15,0.7385224378772982,0.07909524906251207,0.07317795915612839
64,5.0,20.0,16,0,0.44311346272637897,0.04755941760451734,0.0495071375455664
64,5.0,20.0,16,1,0.44311346272637897,0.04950092422805039,0.04756081735098311
64,5.0,20.0,16,2,0.44311346272637897,0.04756253896056786,0.049397379189907754
64,5.0,20.0,16,3,0.44311346272637897,0.047560677416141735,0.04745372612483256
64,5.0,20.0,16,4,0.44311346272637897,0.0475637017732944,0.049504577949416775
64,5.0,20.0,16,5,0.44311346272637897,0.047564534536187864,0.04755957330878163
64,5.0,20.0,16,6,0.44311346272637897,0.043903872026403244,0.04755855115000077
64,5.0,20.0,16,7,0.44311346272637897,0.04320515717203034,0.04950437789751333
64,5.0,20.0,16,8,0.44311346272637897,0.04950227129907002,0.04755944000030902
64,5.0,20.0,16,9,0.44311346272637897,0.04950350238250813,0.046610703090437786
64,5.0,20.0,16,10,0.44311346272637897,0.04950277193761624,0.04756138832003213
64,5.0,20.0,16,11,0.44311346272637897,0.047562700284923175,0.04889472047640181
64,5.0,20.0,16,12,0.44311346272637897,0.04756192680937164,0.04500008464057721
64,5.0,20.0,16,13,0.44311346272637897,0.049500031730520255,0.04756326326650566
64,5.0,20.0,16,14,0.44311346272637897,0.04390622882714035,0.047560377678535035
64,5.0,20.0,16,15,0.44311346272637897,0.047561916728367834,0.04950496225442145
