sigma,dprime_analytic,dprime_empirical,h0_bottleneck,h0_bottleneck_ci_low,h0_bottleneck_ci_high,h0_total_persistence_delta,h0_total_persistence_delta_ci_low,h0_total_persistence_delta_ci_high,h0_max_persistence_delta,h0_max_persistence_delta_ci_low,h0_max_persistence_delta_ci_high,h0_persistence_entropy_delta,h0_persistence_entropy_delta_ci_low,h0_persistence_entropy_delta_ci_high,h0_n_persistent_delta,h0_n_persistent_delta_ci_low,h0_n_persistent_delta_ci_high,h0_landscape_l2_delta,h0_landscape_l2_delta_ci_low,h0_landscape_l2_delta_ci_high,h1_bottleneck,h1_bottleneck_ci_low,h1_bottleneck_ci_high,h1_total_persistence_delta,h1_total_persistence_delta_ci_low,h1_total_persistence_delta_ci_high,h1_max_persistence_delta,h1_max_persistence_delta_ci_low,h1_max_persistence_delta_ci_high,h1_persistence_entropy_delta,h1_persistence_entropy_delta_ci_low,h1_persistence_entropy_delta_ci_high,h1_n_persistent_delta,h1_n_persistent_delta_ci_low,h1_n_persistent_delta_ci_high,h1_landscape_l2_delta,h1_landscape_l2_delta_ci_low,h1_landscape_l2_delta_ci_high
0.25,35.44907701811032,33.16961920321325,0.23504553091345465,0.21460569965715331,0.2535670927633966,-2.4763890687703487,-2.6674535073318264,-2.267294132995365,0.02121418720484021,0.009956095085495643,0.03511839200617927,-0.0025142929541852044,-0.0030547039862483735,-0.0020081445222967344,-3.5625,-4.6875,-2.1546875000000014,-0.009367146957229316,-0.011078054617683524,-0.00778348274031539,0.2526385916675163,0.23142576494543557,0.2728977312807485,-2.1252787671498083,-2.4056051903215314,-1.8659065241885124,-0.006648247629597648,-0.017244988440990962,5.578870698741412e-15,-0.0007650754197679466,-0.0010517597615354326,-0.0005174584948139093,-2.0,-3.1875,-0.8125,-0.00981823670692114,-0.011620269757188485,-0.008149903351363109
0.26131427798810974,33.91421748080229,34.722103059589855,0.24872005754447518,0.21965021900641177,0.27750437939780415,-2.561234753728975,-2.768680557706824,-2.343242818646237,0.03527289442204947,0.01127292345600029,0.06576739473168926,-0.003037917470829432,-0.003662586728435585,-0.0023395725811339143,-4.75,-5.9375,-3.4671875000000014,-0.007055393871937876,-0.010709932927156185,-0.003420343586844874,0.3044716980222605,0.2818226424718611,0.3328160859173033,-2.4391707479588476,-2.6302498140345145,-2.225948661324697,0.0004888255887073728,-0.004450003956979773,0.006174945582880884,-0.0011353370386202322,-0.0014258038671450825,-0.0008456506431210295,-3.0,-4.625,-1.4671875000000014,-0.011562915021507025,-0.013317182567339044,-0.010074813592897497
0.2731406075217884,32.44581365962085,32.34671759257594,0.2728136787724974,0.25154698138494824,0.29922482956184426,-2.2572945432510956,-2.4432948663960863,-2.044352449408446,0.04188295122819379,0.02371270880160062,0.06253446812205757,-0.0019563694113723384,-0.0024929719617469938,-0.0013955191470789066,-2.9375,-4.25,-1.75,-0.006993915803969714,-0.009559605381503047,-0.004546560560328292,0.29731301108172437,0.2790731342407562,0.31430850721331677,-2.0521131853077677,-2.274919072383812,-1.8376909117338405,-0.007572567745098915,-0.01546685484591357,8.534134354632248e-07,-0.0005881499825082237,-0.0009471762530071106,-0.0002999254724234499,-3.1875,-4.628125,-1.7171875000000014,-0.011865126553041838,-0.01398120627764748,-0.009746521913378766
0.2855021625751592,31.040988182338424,29.902935979122308,0.2605949180057824,0.23721136567865625,0.2832372343462469,-2.2516598399332253,-2.4488971724793376,-2.0449599246961685,0.06220889155859969,0.03883667200907937,0.08287714454023845,-0.002096651827742213,-0.0026379372217867265,-0.0015099506994784562,-3.4375,-4.75,-2.125,-0.006634843826174214,-0.010033065120143412,-0.003387802996502254,0.2623860105713917,0.24205083079897488,0.283197292147949,-2.191773621335784,-2.4097599333619595,-1.964294853007548,0.00024751775537797116,-9.11368946629465e-10,0.00075133736501269,-0.0005547846346674601,-0.0008722448037094113,-0.00023781263341396142,-2.0,-3.2828125,-0.75,-0.012377228642633076,-0.014488903915927293,-0.009842194644520927
0.29842316590948664,29.696988260005106,30.85059165975914,0.2938705689880857,0.2677798376683463,0.3222265784570267,-2.1593435764722564,-2.3805140192399357,-1.9137615757455362,0.06510688984104472,0.03396991705035215,0.10243058252887167,-0.002379537754056915,-0.0029126487600804746,-0.0018141289135043524,-3.4375,-4.660937499999999,-2.3421875000000014,-0.0046710181891128355,-0.0081951726947814,-0.0009614767853401535,0.28231319047847425,0.25401431442784356,0.31330734556043016,-2.318559470199716,-2.5800843219970715,-2.0911232078525432,0.001624166010769021,-3.3161050935897816e-05,0.0049016530570732,-0.0008069787645856863,-0.0010883143444471595,-0.0004904615953690641,-2.375,-4.0625,-0.4375,-0.011593237230341336,-0.01379576231201562,-0.009087630879661775
0.31192893653825365,28.411180292793226,27.93840267286579,0.29792456940492695,0.2780841453685457,0.31827488510080887,-2.29393697569936,-2.523776731871203,-2.0792824690510376,0.04464090990907958,0.011972704802465811,0.09151704462976334,-0.002015359039239162,-0.002623569311446075,-0.0012966330963683395,-2.6875,-4.125,-1.2171875000000014,-0.006682412478910077,-0.00991751581023489,-0.0040384543519229885,0.2768817459112821,0.25173521389558573,0.3060218226235927,-2.5201968314863805,-2.785162492807994,-2.292593857218561,-0.0080721228836909,-0.023224401152128024,2.212415171343185e-07,-0.0007761587925620983,-0.0010385030411738008,-0.000472203457169515,-1.1875,-2.5,0.3453124999999986,-0.012542044502511007,-0.01469543257756543,-0.010368913819043106
0.3260459393403706,27.18104470939585,26.598699639253873,0.3228264159911799,0.28522210709893364,0.3561131829862698,-2.169341649193143,-2.4459272885387997,-1.8868721103250043,0.04248367178766106,0.02378676262291289,0.06123855376887507,-0.0015532584874759503,-0.0021026495512841093,-0.0009794142349258698,-2.25,-3.7203125,-0.5921875000000014,-0.007050450154282212,-0.010566342695333302,-0.0035129745136292917,0.29072050008877437,0.26499433833635194,0.31606431554969944,-2.02597748618669,-2.236370984135943,-1.8068186785106066,0.0021524571643047608,-5.185128744644718e-06,0.006029556423318949,-0.0006000487609936211,-0.0008996329073396647,-0.00032194116164633034,-2.375,-3.875,-1.0,-0.011430264146078617,-0.013852838952090758,-0.009029106147732367
0.340801836918736,26.00417102986679,24.94205140454833,0.3208003599993561,0.288413141532656,0.35736098466522415,-2.1458215675773644,-2.361034333991095,-1.9096041366478185,0.08627741574821726,0.05056396051895504,0.123015731302682,-0.001704895970827125,-0.0022096538465804657,-0.0012017732704725434,-1.4375,-2.5953125,-0.125,-0.004688471819016299,-0.00947792929048046,0.0010358944917992464,0.31888439903194926,0.2898969387119526,0.3484514747316553,-2.1846025458094687,-2.550849388121488,-1.879903701320811,0.0016441345591277495,1.413319854759454e-07,0.004110643173665722,-0.0006015771935883873,-0.0008641919673142026,-0.00036028473499548634,-2.625,-3.75,-1.5625,-0.012741477790706002,-0.015808029397194417,-0.009147875706675924
0.3562255438057641,24.878253142227866,25.494920071430137,0.3431743161866957,0.3090362444715948,0.3713145185426307,-1.8264017910590908,-2.0306490139169915,-1.6094229457287443,0.08061973460934814,0.04956438744170396,0.11242465796189809,-0.0014675293149568613,-0.001781968685233172,-0.0012007254618096321,-1.6875,-2.5953125,-0.8421875000000014,-0.004306040978422215,-0.007138773649883796,-0.0016030697135617632,0.32005272583120237,0.29402589359034303,0.3444758384334843,-1.7753751021317328,-1.9587065646728004,-1.560598352366539,0.0009000534989045961,-2.923846530944116e-06,0.0025671934230236896,-0.0004804173388964217,-0.0007186041826578949,-0.0002666440958979806,-1.5,-3.0,0.15781249999999858,-0.010392564498099943,-0.01237955851453471,-0.008082927491797795
0.3723472831221001,23.801084783587548,25.562633550951173,0.33460012388947324,0.304213301884601,0.36743003612248976,-1.9827046464518787,-2.280781820042092,-1.6819576539099008,0.08439897483416267,0.039206601875291146,0.13999967218207834,-0.001458099585573136,-0.001960747193024817,-0.0009981343466720987,-1.3125,-2.3125,-0.5,-0.0022460630273887228,-0.006780234701932849,0.0042830808755004845,0.32175401825056327,0.28916530493789355,0.3632672668081564,-1.9747774885921388,-2.271579125191423,-1.6711620321064662,-0.00023201697807491428,-0.00463889883082487,0.003710939403101368,-0.0003944931548019448,-0.0006440133598506995,-0.00016308577565422877,-1.6875,-2.6875,-0.5625,-0.012661471272049696,-0.015355154424418926,-0.01026510429091497
0.38919864579954344,22.77055521691637,23.030605153703913,0.34955895532509823,0.322683852731195,0.37707524760470684,-2.1215778340280593,-2.334126592902204,-1.8999239496924751,0.045247755231449235,0.014422188774223835,0.0792441111782877,-0.0014333673435246164,-0.001777257690861174,-0.0010815686127226168,-1.75,-2.5625,-0.8421875000000014,-0.00530490106867515,-0.008364386602949846,-0.0019701256680437836,0.320021441843344,0.2841145845357929,0.3559613553677736,-2.0222206143413075,-2.151423845764654,-1.880019524118985,6.213246745837009e-06,-1.3926833826102825e-08,1.866051703605272e-05,-0.00025877046348521393,-0.0004703268283641898,3.561136118492968e-05,-0.9375,-2.440625,0.25,-0.01572032166643239,-0.01880671190639923,-0.013112684373342003
0.4068126524842311,21.784645095007463,22.749965149938507,0.3455384143861512,0.31018038880242915,0.3783913432222541,-1.8406198452114353,-2.110465261557342,-1.547087458154774,0.034743930344351526,0.011987374976253625,0.0651828323792238,-0.001310846213369632,-0.0017451907417005321,-0.0009601273003675928,-1.6875,-2.875,-0.625,-0.00356783064063243,-0.007307218255523287,0.0003682233822589031,0.321013089028251,0.28429569526763915,0.3588346243483394,-2.1841686820444295,-2.388687186653727,-1.9526375081277254,-0.017908560146781577,-0.04295403558358366,0.00029378237395629304,-0.0003864061184586931,-0.0005724852796038405,-0.00017615873999533716,-1.5625,-3.1578125,-0.1875,-0.01517850471018195,-0.017768209602101497,-0.013189419933314373
0.4252238182413786,20.84142250351768,21.32375458196111,0.36058897050191846,0.3222117411991478,0.3991382909158257,-1.8868046442746405,-2.1659473203961888,-1.6422331114497164,0.07998665520821416,0.0466061173650546,0.1143219455888707,-0.0013411242488923225,-0.001844642883286457,-0.0009362595839257776,-1.1875,-2.5625,0.125,-0.002696744457632405,-0.006439206972117514,0.0013941511543338991,0.3170903722769558,0.29011268943692625,0.3455129639357643,-2.0613317629529604,-2.2855105843347445,-1.836809283385841,-0.002492484658721844,-0.0063194227332726925,2.1523589393418443e-09,-0.0004207761801788834,-0.0006244597705720306,-0.0002093732518254579,-1.5,-2.3453125,-0.5625,-0.014711787218035455,-0.016928128135990806,-0.01242049806581655
0.4444682201883723,19.939039175335456,20.845479809356256,0.3869503828091639,0.3545546579703935,0.41787067241679965,-1.809842389747601,-2.003974912843094,-1.5944854459308977,0.08121666828018546,0.02635086843934947,0.13386871221928784,-0.0011170063323215906,-0.0015354024685885579,-0.0006834282505019344,-1.8125,-2.6578125,-0.9375,-0.0018743415500900862,-0.006720743074426695,0.0028118782515413982,0.34586809762775583,0.2995191611469721,0.3978178387653143,-1.7272015408115635,-2.0106621947959757,-1.4100438792908734,0.0013812454010443953,-2.8269664762908806e-06,0.004147095104923941,-0.0002217879743107165,-0.00045244388831383456,2.75285503960706e-05,0.0,-0.9375,0.875,-0.012701101293705441,-0.016482153906857425,-0.009624641389219877
0.46458356818873886,19.075726868857423,18.739660426010104,0.3609570083887736,0.3274287396448888,0.39429719308986083,-1.7469906530665895,-1.9334945044666523,-1.5318235956206676,0.04955720353758532,0.01656531090482183,0.08984211579863438,-0.0010872891819738162,-0.0013753946667508926,-0.0007486093791689131,-1.5625,-2.5,-0.6546875000000014,-0.001503573972775507,-0.004222603653128395,0.0009794146112951081,0.29432737258031894,0.26115081789774813,0.32859815558305383,-1.9185118439571198,-2.242958298703983,-1.6351585371964783,0.004835277860632925,-0.0050500488889345324,0.018671439543288076,-9.399106537716362e-05,-0.00030628307662187575,9.919766061349394e-05,-0.1875,-1.375,0.9703124999999986,-0.01742025099200406,-0.020916183692891166,-0.013846422028647748
0.4856092787455202,18.24979390307693,18.045133259333692,0.4186723708618235,0.37079077071757516,0.4622899098613047,-1.743621238397715,-2.0235302961008923,-1.4428989448239047,0.06024421463818834,0.027680237606785174,0.09954177214866321,-0.0009115862590784451,-0.0013011135568827728,-0.0005033552842554122,-1.75,-3.0,-0.5296875000000014,-0.0038213788380070945,-0.009989825672256368,0.0014486024823639363,0.3408160286538162,0.30723533409370873,0.37588437177821044,-1.7082145690376223,-1.9696643762501946,-1.4821435407672732,-0.003472024847711322,-0.01784242991443668,0.006946820889125364,-0.00026476258178159684,-0.00047675422586834494,-2.569183032492268e-05,-1.5625,-3.125,-0.125,-0.012596290352224981,-0.016100566079538827,-0.009080084978006593
0.5075865522388494,17.45962184269484,18.361426764572958,0.3954037924635835,0.35966601820088867,0.4356956681225839,-1.7267289118055373,-1.9559056047008698,-1.4605582484714468,0.0224599412801144,0.006979923389886156,0.041355138630051094,-0.0008365070351984416,-0.0011512194901105554,-0.0005487052456361385,-0.9375,-1.875,0.125,-0.0022063735364315495,-0.0055925817189971735,0.0013917129589832529,0.3267560583082112,0.2932178205286914,0.3667332996924631,-1.8675163428083295,-2.1263536921577613,-1.5836512921876595,0.0020649061388566814,-1.597646596630739e-05,0.006210707021276548,-0.00023561449467890405,-0.00042478160558970387,-7.363763659622297e-05,-1.25,-2.625,-0.09218750000000142,-0.01642089802414992,-0.020406872719520453,-0.012268629233138581
0.5305584536590756,16.703662326757055,17.214574893271866,0.41454327284569187,0.37228450331441026,0.4609998593751545,-1.509462717472779,-1.7874854855910098,-1.1584468211094547,0.024058632708323674,0.011292088177719954,0.03713036770692678,-0.0009964905577275474,-0.001494230755688808,-0.0006078272933400951,-1.9375,-3.0,-0.875,-0.00224360213906738,-0.007425276437523455,0.003338981984167864,0.3273104566140918,0.2743544776177719,0.3906307245884547,-1.564068705592561,-1.8540557602418588,-1.294923720406957,0.0033176112139764458,-0.005955525516601246,0.0151195337016837,-0.00025405683333012963,-0.0004910901377888743,-6.108348673370264e-05,-0.875,-1.5625,0.0,-0.013285307260570645,-0.017916443458536966,-0.007754354869798743
0.5545699969936373,15.9804340346044,16.260680586708766,0.4383206678355215,0.40026867024088186,0.47975503494960636,-1.6548300831519,-2.0413971670694866,-1.3583319602872412,0.06946149696578421,0.01828826288068517,0.1287974650572121,-0.0006302954277617179,-0.0009128479143117055,-0.00035989521128589904,-0.625,-1.4375,0.125,-0.0012439123906980432,-0.007926751122118126,0.005125189026889333,0.29002901982507645,0.25854689154422683,0.3235810658236961,-1.8238819471819028,-2.044161010224251,-1.5937435295355933,-7.836277173822737e-07,-2.3492532632396477e-06,-5.147979403874507e-11,-0.00014148095697597007,-0.0003773609900574737,7.162979176478927e-05,-1.5,-2.8125,-0.375,-0.019599616797960406,-0.023225185846226563,-0.016188652685726626
0.5796682334330422,15.28851978318951,15.698604719709454,0.41014123571802374,0.3656215087732996,0.4577469764992258,-1.5277286404161572,-1.8156180728143831,-1.2527581601278397,0.0068070449985172116,-0.01413976573979719,0.029973092129401562,-0.0005987763310343897,-0.0009242782467586294,-0.00030311293408961124,-0.8125,-1.9703125,0.3453124999999986,-0.004856938265080157,-0.011221700829432952,0.002314108474204732,0.3242339354216822,0.2807459422515315,0.3678425249689337,-1.7128048198910193,-2.024224925824512,-1.4406141995804704,0.003197093378461663,-2.9183086502904114e-12,0.0076464273919017505,-0.00026801447152763336,-0.0004755585153307845,-7.571884060783713e-05,-2.0625,-3.3453125,-0.7171875000000014,-0.014411766676405646,-0.0178016198276282,-0.01118502833624668
0.605902343568794,14.62656375007297,14.305423020727224,0.4212725715932361,0.3672439127941416,0.4879971753280381,-1.3865207207198154,-1.600071149061524,-1.1530804281481468,0.054867208535885614,0.002518406398044836,0.11564821866054678,-0.0004815250802872595,-0.0007577299817372165,-0.00013303610938493617,-0.5,-1.5,0.375,-0.00021657874526981313,-0.004868002999629506,0.005002600501935027,0.2852647370535988,0.25172171218520456,0.3224825077692327,-1.436725371239291,-1.7796047115117057,-1.1350311630562662,-1.0945013444341178e-05,-3.2836245554529464e-05,1.2129825477380507e-09,-5.401356858164563e-05,-0.00027800415688367385,0.00014481868248745458,0.125,-1.0,1.2828124999999986,-0.013840862288420963,-0.018136686099286155,-0.009589703775043345
0.6333237337639321,13.99326881665695,14.023317807897113,0.36130623102019244,0.31002527523369255,0.41381287773882935,-1.692716867570553,-1.9821781332153332,-1.4435607860541861,0.03582622365729038,0.01057318025033023,0.06849883125158163,-0.000579635440835724,-0.0008913575706958665,-0.00031149604901617597,0.25,-0.6875,0.9375,-0.003573162902573923,-0.007782164331233962,0.0008229894955302732,0.2619870563932038,0.2235262044040685,0.3039477704940604,-1.534673437507152,-1.8620852085858988,-1.2058975601952566,0.0009490009266794608,-0.002137820573306943,0.004985595349542594,-1.1288344650584037e-05,-0.00013790505175821226,0.00010526455751664192,-0.125,-1.0625,0.8453124999999986,-0.016549907452812596,-0.020843072703984396,-0.012416442626029454
0.6619861368850231,13.38739402645047,13.520998789878124,0.3858786777574069,0.34138273158616894,0.42914602820849296,-1.5904489242991673,-1.8179624560559344,-1.3658203388509054,0.02698515620876929,0.0019681622846649295,0.056549883028956444,-0.0004588696867292019,-0.0007153898272155721,-0.00018469549092325926,0.0625,-0.9375,1.4078124999999986,-0.005377859302490129,-0.010084557964805738,4.01834795376749e-05,0.33414842122594707,0.26712707843977007,0.4153912089263712,-1.5585297475347062,-1.774949037222904,-1.328936011674696,-1.3673143379744346e-06,-4.102243958292035e-06,3.0094507441624785e-10,-9.932343490121065e-05,-0.0002629032477671142,6.964948554096647e-05,-0.375,-1.3125,0.75,-0.015838496791719447,-0.021576433422553616,-0.010162079863913083
0.6919457175929912,12.807752153385605,12.270401408587759,0.39720609659206185,0.3345299935006047,0.4688947699521143,-1.3748504517289888,-1.65529662605346,-1.1543895286691996,0.00791902582611495,-0.0021097308654119927,0.01993535672957772,-0.000261742700910228,-0.000443454929775243,-8.81521362487426e-05,-0.6875,-1.5,0.0625,-0.011454061265036564,-0.015996935018698148,-0.007482309087305742,0.32523809441795204,0.27076341634798595,0.3789941611488835,-1.5306699160362598,-1.8006462799816405,-1.24703855752159,0.0001902722480029706,-0.00020289323206809095,0.0008751562346959007,0.00011973393840980506,-3.762757736895383e-05,0.0002950360158059078,1.0,0.0,2.0,-0.019971687890623202,-0.02562076883728805,-0.01449761342498341
0.723261182399108,12.25320737541978,12.315987623414818,0.31970866582628915,0.2757396775317718,0.36336306902959725,-1.1521177402373581,-1.4441272988986142,-0.8267849407179512,-0.0016530115985702865,-0.013453204942366868,0.00876912376092874,-0.00021537305931162987,-0.0004141242929543598,-7.588215690059008e-06,0.3125,-0.375,1.0625,-0.004271271762061324,-0.009709062574607312,0.0008434559755481873,0.3445168912198301,0.2882961535827056,0.40013852809906836,-1.3773637189742942,-1.6894173093770752,-1.0614460591146162,-7.687936787265093e-05,-0.00021952476069376988,1.7665520947173653e-07,-0.00021824150229043937,-0.0003646926098166012,-7.405791121066493e-05,-0.4375,-1.4375,0.625,-0.01444585990806968,-0.01898425234257194,-0.009914969985841406
0.755993894701798,11.722673048865435,11.522929711588642,0.41632649403622213,0.3606752183480018,0.48139188651983283,-1.3328058456357894,-1.689580044699812,-1.0522175590055713,0.04070701963003737,0.009310842587763702,0.0773424315563234,-0.0005387527733065611,-0.0008860951411675033,-0.00016857690059812055,-0.5625,-1.6875,0.5625,-0.0014538899696622254,-0.007066873231203261,0.0047840240057828425,0.300096731688854,0.25943956359416226,0.34123360629645416,-1.5503703208549666,-1.885139062465018,-1.2152692521380652,1.069020474087079e-07,-1.2950415739787502e-10,3.2083565029705774e-07,-0.0002251292977429875,-0.0003585321415459239,-8.09861424824629e-05,-1.4375,-2.5625,-0.3125,-0.014024675081215854,-0.019206452765149477,-0.0093457898402319
0.7902079950296776,11.215109579085874,10.576582049504287,0.3538615868818941,0.2927578272904912,0.4156759515686838,-1.0717980172936166,-1.3067754107854093,-0.8305357719070643,0.03552461250342134,-0.0007736540429585762,0.08394056317433558,-0.000271226024796678,-0.0004963077496055359,-3.7034077093366194e-05,0.3125,-0.1875,0.875,-0.0018822575833125077,-0.009184931289746696,0.004530350845348745,0.3010729831397654,0.24111725708380058,0.38472023413219547,-1.2149208642855172,-1.503779621183496,-0.9287481157169397,-0.009707328286303024,-0.024991307684750955,4.2198917067811506e-05,-8.683774346696094e-05,-0.0002494166079635665,6.978280882628804e-05,0.5625,-0.375,1.5625,-0.016537796849720454,-0.022675194878047228,-0.010281982016162617
0.8259705267264483,10.729522383384824,9.703262735342513,0.38402075412719294,0.324879639631598,0.44377428983776546,-1.2182783146037792,-1.5022807538211391,-0.9551272602731736,0.03236779221912098,0.0028679112877761127,0.06714007088188871,-0.0001290684823055943,-0.0004329712709007449,0.00018720484338306942,-0.0625,-1.0,0.75,-0.004284525297568509,-0.011853727767007305,0.0027499962584991264,0.30456058510734674,0.2544585770329511,0.36258378717589745,-1.2772974629977512,-1.5758451712513846,-1.0267917078131124,0.0013876715266326334,-1.066452575675808e-06,0.004135918315042787,-0.00013415908979863556,-0.00026374556877504227,2.1951493628909047e-05,-0.8125,-1.625,-0.0625,-0.013217603411084022,-0.017609303789168317,-0.008458399187293266
0.8633515673239223,10.264959942097994,10.661382625872404,0.3922226383581836,0.3252011907704424,0.4586641142387546,-1.0631696961701493,-1.472375019134578,-0.6301228665739658,0.018511599965598563,0.0046349954069433725,0.04535135899046921,-0.0003097604115985808,-0.000549508140147438,-6.56391035219404e-05,-0.6875,-1.4375,0.0,-0.004441289949969618,-0.010561745449781229,0.0017209852910214706,0.29942268243373665,0.23139505877719527,0.36401046304117235,-1.1252226836813293,-1.5488321632991038,-0.7459987899019176,-0.009086560100378338,-0.02714431550260448,7.310423382110576e-07,4.8223509629408134e-06,-0.00010008705015625285,0.00012687873970023965,0.0625,-0.9375,1.1875,-0.016359007768039113,-0.023501021384933922,-0.009351319544066681
0.9024243658606147,9.820511934067632,9.88755493671626,0.43908272644671975,0.355919943838418,0.5257230449952508,-1.428221092873983,-1.6905317314617068,-1.1678776870966134,0.022263077463196446,-0.0025744077531050227,0.05680295762719365,-9.762604797081131e-05,-0.00033749163845131074,0.0001457054819029842,-0.4375,-1.125,0.25,-0.011530347548411757,-0.018251517081864004,-0.003899409475539544,0.29280184135405984,0.24706774881691976,0.3457943285900399,-1.2654481131125692,-1.5372119215211044,-1.011683433017695,0.00023566714127973287,-3.856785218969705e-09,0.0005618606465353476,-2.7382007910414785e-05,-0.00015506595519647893,8.49779426299005e-05,-0.3125,-1.0625,0.4375,-0.016424461060980944,-0.022012219391736552,-0.011029095050119203
0.9432654864149774,9.395307452846568,9.581005738028107,0.3314557554941055,0.2666874411997438,0.3902887509102098,-0.9416926131319485,-1.1940311360251177,-0.6978040831389479,0.014420670183092815,-0.012867338831063516,0.06078258652206321,-6.228128851787362e-05,-0.0002639643566432065,0.00012804969690661107,-0.3125,-0.875,0.1875,-0.004689784720520063,-0.013249859705864342,0.005168283096834546,0.31157127254339534,0.2525736629008026,0.37807533873096455,-0.9788260695517579,-1.2903445136349263,-0.6884482544591722,-1.8735238083156247e-08,-4.9316155920076095e-08,3.4765159084848563e-09,5.212638448498508e-05,-5.1462407300288667e-05,0.00016878968029813003,0.25,-0.5,1.125,-0.01628035277843387,-0.022249468083237856,-0.010802770611566558
0.9859549581345319,8.988513300136312,9.344679351400112,0.37051290931046454,0.3031996589540335,0.43917007599020097,-1.0227670832832416,-1.3011045924680658,-0.7464716912512988,0.015372074762717403,-0.004647372658269326,0.04202246046283273,-0.0002407575963571662,-0.00044126468834512214,-8.272252564246762e-06,-0.125,-1.125,0.8125,-0.008524857381257522,-0.01675850765919763,-8.913437319493453e-05,0.3072553765213655,0.24902379627047178,0.375298882145399,-1.0658377931315783,-1.3021786354766995,-0.7679897294675139,3.7637927496142476e-05,-2.718622278635452e-05,0.00015117532068604014,7.830964856014866e-07,-0.00011002953809453737,9.756420459547525e-05,-0.125,-1.1875,0.7828124999999986,-0.010144373215278835,-0.014324691051695837,-0.005780354980326342
1.0305764320548887,8.59933235311515,8.216284562923159,0.31203562610161817,0.2645532596527033,0.36839498970610307,-0.8825752196827636,-1.1509546168224358,-0.5885612633274405,0.00479581795880088,-0.010995440847515194,0.019473575623840243,-5.6119510438490394e-05,-0.00022764179769567267,0.00010382031811903419,0.0625,-0.3125,0.4375,-0.009223934653312282,-0.015989342570559777,-0.0030740623711718847,0.22890348329914972,0.20577985937901355,0.2543161729472787,-1.0690448624972362,-1.3983143418303505,-0.7645020046257885,0.00012981713493315228,-0.00010901320900551515,0.0004984646237140858,5.017321930683716e-05,-7.072095921169807e-05,0.0001729627931062584,0.25,-0.5625,1.0,-0.01721043708685155,-0.02324567816346617,-0.010883516071176514
1.0772173450159421,8.227002002457011,8.0386343992272,0.41883192508574274,0.3377032216459501,0.5128649584536986,-1.145087099804357,-1.4373521507793885,-0.8212947362615362,0.018431001674273112,-0.0035895262268035057,0.04576729040594246,-0.00025651796239878344,-0.0004623030480853621,-4.4355801697319775e-05,0.3125,-0.3453124999999999,1.0,-0.006673639229774819,-0.01564307429937361,0.0002659849983449062,0.2922735675162821,0.23990406490714095,0.34250116207283654,-0.9428685064063984,-1.3067345612604349,-0.5398802433556624,0.0008949230439327938,-1.9586741950572414e-11,0.002665050264515091,0.00013428802142695373,2.734481260527333e-05,0.00024670625787523296,0.1875,-0.5,0.875,-0.021269866772535284,-0.027050076905139053,-0.016059326086541013
1.1259690909964377,7.870792657980359,7.7352787782421135,0.35152929210323136,0.2632289403608609,0.4498488729094984,-0.7130850232403958,-0.9747995643246281,-0.473456721425535,0.02321419877890593,-0.011209712790186108,0.0766247509641062,-0.00011751809050475348,-0.00025824271726037766,1.7941950173101786e-05,-0.5625,-1.125,-0.125,-0.008526979225171205,-0.016592579455579452,-0.0010314322557131161,0.28508831056802686,0.2410376023132106,0.3441093457330417,-0.7916228374039065,-1.1080820100420914,-0.49744617507863415,0.00670584861271889,-0.008103141718218876,0.023464486549755977,-6.557544139612626e-05,-0.00016007641781471126,2.5595892560867357e-05,-0.625,-1.75,0.375,-0.008004024955181599,-0.015038957709727963,-0.0009480668655680092
1.1769272002026496,7.530006318998854,8.077482801778634,0.3470534812663161,0.2730863781150055,0.42872043119691833,-1.135739303799312,-1.4530164512330024,-0.8047443839664258,-0.006240620602208896,-0.015335288466327866,0.0008868447403968127,-0.00011793919133989972,-0.00030813477941438877,0.00010579280244866067,-0.5625,-1.3125,0.1875,-0.01318421687621063,-0.023348282049503347,-0.004037144544206753,0.307796416538678,0.252449249952211,0.36029473947243196,-0.9676273677750373,-1.2700309039302027,-0.6766512219969716,-0.0037302169805489283,-0.011280148620721454,9.737927507555006e-05,-9.328662995722325e-05,-0.00015695598947148282,-3.087112976932345e-05,-0.1875,-0.75,0.3453124999999986,-0.013428264656617728,-0.021700984883588348,-0.006274010533844544
1.2301915262620915,7.203975206572411,6.750599126587075,0.32404995962821803,0.2518150544577108,0.3893614359053278,-0.801771772728685,-1.1909604904545588,-0.4495420322341654,-0.00039949075395534495,-0.0009600652612875904,-5.57789964758529e-08,-8.306468637336861e-05,-0.00024918583629066765,8.342220971900983e-05,-0.5,-1.2828125,0.3453124999999986,-0.008932751835837083,-0.018876386068940015,0.00045192389576037496,0.2922597833472172,0.2502434270132586,0.34284686585214513,-0.8989537657223821,-1.3093248221501697,-0.4376981804522695,-0.028230258982842482,-0.0923707670036532,0.006488602069891316,-4.208091244373158e-05,-0.00013270033930424806,6.539910314815182e-05,0.0625,-0.6875,0.75,-0.010826573600757339,-0.019217723309389843,-0.0022193586497375245
1.2858664418890768,6.8920604549784725,6.605023525475337,0.3227731074913983,0.27099629161734157,0.3842171338406938,-0.8150594069581985,-1.0754074951623855,-0.5821239333513356,0.031037306230079442,-0.008886158444937176,0.08367731459265619,-0.0001546745026017593,-0.00027734307902648055,-3.829430634170189e-05,-0.125,-0.5,0.3125,-4.955217119229083e-05,-0.008248162036657115,0.010373693602603764,0.2674936784387637,0.2324805316105531,0.30653001397222357,-0.7578834067471973,-1.241786786662305,-0.3042213812889884,-8.392257128253533e-05,-0.0008364633071732561,0.0004976338844374969,3.498040217098097e-05,-7.29151902828018e-05,0.00012778319500733045,-0.1875,-0.9375,0.5625,-0.01216459216123722,-0.01884665838648906,-0.005969395055952121
1.3440610434055358,6.593650859839421,6.626978224628365,0.29251324819237245,0.2392241630713874,0.3484987011628414,-0.7894516071167175,-1.0753771293492513,-0.5279077021051252,0.00335288480931617,-0.0002173202312357986,0.010207284022060054,-7.08196194119104e-05,-0.00022770931444533458,5.6840318126326326e-05,-0.1875,-0.9375,0.4375,-0.011345229348754593,-0.022606922193799967,0.0009007756666808085,0.3754937186251301,0.2817850282062985,0.47358406803474484,-0.8735414319594668,-1.3246370001024572,-0.5204608830598162,-0.00013700845959513375,-0.004465487417121869,0.004054461606548726,3.835890247527729e-05,-6.383158797716864e-05,0.0001249099121861524,0.125,-0.6875,0.875,-0.015458810133394785,-0.026365048835294346,-0.004170874298980318
1.404889364517852,6.308161680453072,6.486502087613955,0.27402244272306525,0.21931977504195105,0.3395400386036675,-0.7552071033989307,-1.017770412147582,-0.45205931066703053,-0.003219277198733328,-0.012510337529173191,0.0022461094509049367,-0.00020439935931843012,-0.0003427386079543765,-7.424066256856018e-05,-0.6875,-1.25,-0.0625,-0.005911411654464294,-0.014795360273134384,0.004084789790657955,0.3117224962399915,0.23519001538935397,0.4135994784524012,-0.7941619284677017,-1.0912097341591107,-0.49740609560209365,0.0052296223967993605,-0.00816855194182595,0.023761653521516136,0.00010556584039150829,1.0223622263177967e-05,0.00020934897988663103,0.5625,-0.0625,1.0625,-0.017952567190478774,-0.02502120764287965,-0.009646007319165921
1.4684705997686274,6.03503349397933,6.194641818985915,0.36435496945013646,0.30218704237863064,0.42792795200146455,-1.0353333741436188,-1.2837972420788781,-0.7501667258570216,0.0016106498108957035,-0.0077123648037979485,0.010953085565530646,-1.8432852932459554e-05,-0.00015053084042242622,0.0001177581966139054,-0.5,-1.0,0.0,-0.018239335663963185,-0.02695387955100188,-0.008668436730580629,0.29632801214440513,0.23764738548239503,0.354522484434367,-0.880454107242997,-1.2460885429737432,-0.5275393301458651,-0.0011443720718729011,-0.003429370627511685,7.2892713722794156e-06,-2.2875735082861226e-06,-6.807899284877877e-05,7.688429314200009e-05,-0.1875,-0.9078124999999999,0.5625,-0.013829577977900964,-0.022218542825365794,-0.006130820520249492
1.5349293381012217,5.773731099237843,6.279819488933858,0.34440961341552423,0.27624548272328525,0.4114920880865059,-0.7835485167298657,-1.0915542391252502,-0.5385972619209222,0.0018416367349552987,-0.03029122418696166,0.04295449135476251,-0.000129735251571228,-0.0002630966369567861,6.087628893916523e-06,0.0625,-0.5625,0.6875,-0.007827892995234453,-0.01717291751554432,0.0013596786414021393,0.3019809688420544,0.24068727394738862,0.37343575090370795,-0.8075597829721914,-1.0446242904804435,-0.5525101625747937,0.005486654493779997,-3.5875360405585034e-07,0.016227819464670057,-2.2532445448475436e-05,-0.00010367802466509368,5.175397715343477e-05,0.0,-0.5625,0.5625,-0.014620543387192875,-0.027257158685619808,-0.0032341879639123422
1.6043958069947517,5.523742467968549,5.493245118379888,0.27276081891110165,0.21322573870070136,0.3380555304593726,-0.3279203067463641,-0.5669655649997729,-0.06740885251972914,0.018744729993735387,-0.005443468873579863,0.06167765886327735,2.8017753924025612e-05,-0.00011324194779275404,0.00017923788398274955,-0.25,-0.9375,0.4078124999999986,-0.010692294484420994,-0.022442532853205067,0.0021388762479911385,0.31754750072666615,0.24897688222257605,0.4188647658348537,-0.4886560539623588,-0.7750027397060677,-0.23017451195933072,0.005974172248719656,3.230139152943793e-05,0.015274271094120802,-6.108917262348523e-05,-0.00012280429749038645,1.0144153018035173e-05,0.0,-0.6875,0.625,-0.0008381359811586719,-0.008334042767031313,0.007531210068544558
1.677006127647937,5.28457774150011,4.953476254559625,0.3766981805016443,0.2930745002270958,0.47133289252595745,-0.526180977562916,-0.8209132862609494,-0.16201622456073853,-0.005136471574611001,-0.012973017102870497,-2.3869795029440866e-15,-1.1418327092616032e-05,-0.0001234756362272854,9.728506751756623e-05,-0.0625,-0.5,0.3125,-0.008621388484156611,-0.018315306501862083,0.0014533847404831987,0.32965437020329214,0.2675831174413106,0.39774131819323716,-0.41390533364415205,-0.7349983241534546,-0.07447855510849744,-6.583322042247319e-05,-0.00019898972404883697,3.0302949469834805e-05,1.9303120446345634e-05,-7.193355601786549e-05,0.00010466431143269921,0.4375,-0.25,1.125,-0.01213351326092349,-0.023310047250440745,-0.00034210530116875513
1.752902581711826,5.055768270860201,5.159974162653554,0.2740013670088065,0.2254404558353273,0.3428635047075166,-0.8301794571397068,-1.0997304883238441,-0.542445545101517,-0.00039146975623222113,-0.0011741429016240272,2.6945319336890633e-09,-8.580871067903617e-05,-0.00017766094006637368,1.4739368795513292e-05,-0.0625,-0.6578124999999999,0.5,-0.012957754545551481,-0.026271298168023295,-0.001678084062125452,0.3329683556231163,0.26221996065487424,0.4218681744211283,-0.8543561813254428,-1.1989126607708642,-0.5724228016444997,4.5235417245326204e-08,-6.384267699360847e-08,2.1183968203358772e-07,1.674843087412503e-05,-4.89559461588171e-05,7.345424752701335e-05,-0.75,-1.6578125,0.0625,-0.02011599498143868,-0.031048075334598024,-0.009057336265900402
1.8322338900940776,4.836865698446687,5.3108011257479095,0.3237674133768087,0.2707349676217329,0.3740295233522591,-0.7905626153304866,-1.1034724826418347,-0.4758665167920053,-0.0016264977716112239,-0.011553813009605955,0.005910240017302287,-4.617008482987739e-05,-0.00016459946930874603,8.000533588572713e-05,-0.5,-0.875,-0.09218750000000142,-0.016729021280915024,-0.02633949165509384,-0.005704223321709978,0.27513341703461325,0.2338931119690635,0.3319600472063974,-0.8267347829709593,-1.165795069031752,-0.5234531330829,-0.003340984607438202,-0.010028437972800675,3.6625779845922413e-06,8.45830728383179e-05,2.3316492743123696e-05,0.000146511905898139,0.375,-0.0625,0.8125,-0.024327131301132177,-0.03461829283881779,-0.015854948014473316
1.9151555043811181,4.627441079460239,4.501090866086134,0.3291006941047546,0.2830918086059275,0.3815622244965106,-0.5693376812951101,-1.1053692539555136,-0.024110756566194397,9.824275198910826e-08,-1.3000411435395986e-05,1.207983322063233e-05,-1.2859291229350145e-05,-0.00011049585035865367,8.278110112569651e-05,-0.1875,-0.5953124999999999,0.1875,-0.010027358345588766,-0.02369455031455605,0.005435320233771566,0.3537610128515487,0.27064290104744765,0.44858494289306233,-0.5853022391052036,-1.1204509795579398,-0.06853382190625451,-0.027356192923707057,-0.09034040229064876,0.006962280520507001,-4.714910002145967e-05,-9.4180770267005e-05,4.724163270450265e-06,0.5,0.0625,0.9375,-0.00394984124923603,-0.020837609518036503,0.01083802517976826
2.0018299114492244,4.427084041376793,4.441157395558111,0.35319077859528114,0.28129259862904576,0.44126261459181604,-0.3354338590465318,-0.6500018333958856,-0.016789988540225037,0.03541959572276698,-0.018668729931527007,0.1234207927677304,-8.794566821318517e-05,-0.00019119884236007826,2.0910477629125505e-05,-0.4375,-1.125,0.25,0.0074451105166595255,-0.010074174216806562,0.025070211727620008,0.3508716440497894,0.27125734776640015,0.44973238119990777,-0.2831112226821233,-0.6409682683500165,0.07389804408928735,-0.023927273468759114,-0.10660515325017295,0.03063424415222671,-3.3311716080453024e-05,-9.232096976849458e-05,3.4282402899909956e-05,-0.6875,-1.25,-0.125,-0.001959982162304641,-0.012307217009583172,0.009388859473208444
2.092426951861423,4.235401979812822,4.045821624745046,0.29754842390915204,0.2627357261510294,0.3393878934940145,-0.4081351643937694,-0.7244362930672693,-0.1396216335871899,-0.0016292179434750365,-0.0044407541767937115,0.0006443421559025969,1.5394906729249147e-05,-9.91348126294672e-05,0.00012087277966158211,0.4375,-0.1875,1.0625,-0.00837690818815684,-0.024474661921159633,0.007256372900510592,0.2937008179546955,0.2517573962354663,0.3397649286108853,-0.446604716732395,-0.8202247700715006,-0.1406479751303823,0.00010955679798402285,-2.0207360623802906e-05,0.0003589813515893603,-3.5753257806026006e-05,-9.914520611919025e-05,3.0230980273190888e-05,0.0,-0.75,0.8125,-0.007063980035320938,-0.01633970139001899,0.002489285749120237
2.1871241526741168,4.052019289207706,4.167379134440422,0.3113009697602659,0.2773092304683255,0.34728215608632396,-0.5071792821520091,-0.7741329654489129,-0.2445256990018933,0.017975302410043303,-2.072115187279344e-06,0.053856743033177355,8.249727946374463e-05,-4.819391646460197e-05,0.00023430503920528198,0.25,0.0,0.5,-0.019315435018968152,-0.03489623940012608,0.000775319569171048,0.3620111144582815,0.3117831460369442,0.4087243821748851,-0.6378886820443199,-0.9283448044770722,-0.3469537476169338,0.010350226172832211,0.002517697640720215,0.019771864359042733,-5.8330133363260206e-05,-0.00011244064910416324,8.162837776916341e-06,0.25,-0.4375,0.9375,-0.006606043971110864,-0.0177233982558034,0.005081998951681643
2.2861070753055728,3.876576626815699,4.066502842274147,0.2783617443364288,0.23835642793032655,0.31725686724465413,-0.23810494037189756,-0.692003897983642,0.2463422873980732,3.7426268206797175e-07,-1.2406843485357478e-07,1.1947947886670195e-06,-3.1695480812832244e-05,-0.0001231527580947772,6.82292512439786e-05,0.125,-0.375,0.625,0.0005852279781302094,-0.010536487429480023,0.012179437344739768,0.4148854628624639,0.3020535349710537,0.5447780940526871,-0.19515099797160929,-0.6300769061134375,0.15053956517303235,-0.0014060153020793997,-0.005072208144224785,0.0008541618276351803,-2.3184233041539937e-05,-7.666503913374423e-05,4.354527275942924e-05,-0.0625,-0.5625,0.5,-0.0002890579388807879,-0.015049081898097949,0.013224921142665845
2.38956967914794,3.7087302085652682,3.6632201159422055,0.3466939457974909,0.2682356941335852,0.4346992553942166,-0.39552432075532806,-0.7538328010942074,-0.04765219000490724,0.014506405561264757,-0.031298705762782576,0.07663621752002889,4.867930603708048e-05,-3.98587902661257e-05,0.00013765585040041294,0.3125,-0.25,0.8125,-0.01714316532554605,-0.043635598381709696,0.0038086416640396676,0.36869381456568473,0.28661200203284115,0.46284095700256406,-0.5594809022091454,-0.8926960443125594,-0.24158734517718733,-0.0011862883012321301,-0.04050024690597704,0.02778581866105912,2.2558234870240224e-05,-3.34500231520013e-05,7.699476798721792e-05,-0.1875,-0.75,0.3125,-0.020753854039138098,-0.03666477129887693,-0.004179915946579774
2.4977147016352923,3.548151135406024,3.8135989246480904,0.3151811971369529,0.2525142392308696,0.39064390473992083,-0.4981264080859944,-0.7489172649750764,-0.22041161437873183,-0.005822903695225201,-0.028437347392919355,0.010696132700167034,-0.00010205538337038078,-0.0002240993025675833,2.4647026511292988e-05,-0.1875,-0.5625,0.1875,-0.0019970179074224603,-0.019394500719013986,0.015438878969042055,0.3800117531481275,0.32372133953053706,0.4489635507804817,-0.5544765299515575,-0.9089861433870269,-0.18944916052769561,-0.019307481303031504,-0.05792223596019678,-6.778136167617799e-08,1.98001539886139e-07,-4.525757601689106e-05,4.744168190490283e-05,-0.125,-0.75,0.375,-0.016541842008183316,-0.03592618845014597,-0.00015646168581462665
2.610754055512453,3.394524748823208,3.4726013845096864,0.29850895845797165,0.24889725987163655,0.3466575950706989,-0.38177941835209595,-0.8054346574391346,0.047509108194506655,-0.000810341365441003,-0.002468150603164912,3.7057367706827546e-05,-3.679247613119774e-05,-0.00010878008391091986,3.6732156231589196e-05,0.125,-0.4375,0.75,-0.007426974374115325,-0.02059144164108264,0.007078281616924047,0.35493623775146776,0.2892862105878805,0.42555307914193097,-0.4822203540559826,-0.8037868607253529,-0.14630469654946554,-4.627633200815495e-05,-0.00036191453887460533,0.00022299431736189922,1.3540587156968265e-05,-5.0971381520094336e-05,7.189201544333111e-05,-0.375,-0.8125,0.1875,-0.02544925169184875,-0.041623324463980274,-0.00859601067543041
2.728909244083066,3.247550014256839,3.276977682634138,0.3989308428558421,0.3092990990820134,0.5045854057965661,-0.5517149661301346,-0.9574067163134344,-0.04199152963264523,-0.005649527217327921,-0.014847707247273995,0.0007459681729381163,7.309210943995392e-05,1.404450724082074e-05,0.00013685953152073045,0.0,-0.375,0.3125,-0.018971964844936906,-0.03627001061496382,0.0007160504980631198,0.41148810247437984,0.34601058976917515,0.48101044446267743,-0.4241525021762982,-0.8561531924150074,0.12459157077012979,-0.012713940341793739,-0.03979215604512132,0.0014399502856552086,4.956893512819693e-06,-4.03617706099868e-05,5.07406864493062e-05,-0.3125,-0.6875,0.0625,-0.012555781681635736,-0.02954935690193141,0.004589884154154821
2.852411795250579,3.106938931217344,3.171712997481359,0.4089468907483934,0.32861934664956816,0.49452754216867084,-0.612631110121697,-0.8645218902896531,-0.3259932915477336,-0.012023090825238447,-0.03160702260320029,5.515668388106354e-07,-8.820554604160868e-06,-8.255606069890731e-05,6.494493783269076e-05,-0.375,-0.75,-0.02968750000000142,-0.019894933735185916,-0.03185336945393742,-0.008592224574878193,0.36687709303147736,0.29663413096575353,0.451450179132172,-0.8935711961943298,-1.1554968918593347,-0.6366371299146067,0.002732417075031246,3.351054989053637e-10,0.008197140940986045,-2.3823848200765774e-05,-6.520649855976113e-05,1.2919589777994618e-05,0.0,-0.25,0.3125,-0.018946811005971398,-0.03231944881719579,-0.005686372390176646
2.981503715202692,2.9724159689417307,3.120034458939665,0.3995398064390665,0.3281000321573466,0.4703202568647131,-0.12583674582100457,-0.4520282658302463,0.15528731973333965,0.0397847802028265,-0.018466710519544755,0.1446615461970147,-3.2037058613099134e-05,-8.234529810014907e-05,1.6083482156079e-05,-0.0625,-0.5625,0.4375,0.008591680024163217,-0.011251840160446246,0.032994426597774025,0.37627193712374013,0.3172716457428569,0.4533882400070338,0.14873653397012276,-0.235242949646198,0.5157039796597842,0.001484348701913607,7.209496175525354e-07,0.0036761326146303617,1.2606422123639938e-05,-2.7522496559495567e-05,5.157487900254581e-05,-0.25,-0.625,0.0625,0.004088490884132767,-0.01157156536459265,0.018394580548911275
3.1164379626282335,2.8437175264845083,2.915523061142073,0.3857574164859908,0.31580919426717136,0.4783874876189327,-0.4736299002433384,-0.8414716575336343,-0.08090076270167713,0.001255641397569729,-5.593495281536185e-07,0.00303737189582281,-2.0366202617749796e-05,-8.232219431042187e-05,4.884121526829015e-05,0.1875,-0.0625,0.4375,-0.016807062551690066,-0.035947968847657184,0.0018918558748633111,0.3799238525155676,0.3283611890680151,0.44066864260742544,-0.4551466709659735,-0.8728188098455008,-0.04483827553516742,0.01147595312647598,7.427186131381269e-05,0.03365204915593367,1.2855221754148882e-05,-1.5650298731305356e-05,4.1374940980283534e-05,-0.25,-0.875,0.375,-0.0127445254576255,-0.02887297527719239,0.0016055372794489032
3.2574789443957304,2.720591416185363,2.6454759398217487,0.4254062436502646,0.3363425587701594,0.5052436921747177,-0.3537667789434522,-0.8014824086538695,0.07279109472654981,0.0008920584173716106,-9.769344306298499e-08,0.002675729990106568,7.45884000619701e-05,1.2620573859588314e-05,0.00012729795610880027,0.0625,-0.4375,0.5625,-0.03108182628689793,-0.047115904023150246,-0.01718739502624947,0.4443122312171131,0.3772830654972595,0.5232083164997923,-0.5743551392409927,-1.0651762668670188,-0.11722244113142338,-0.005800178882261697,-0.017416775934469372,1.7400537675463234e-05,9.933543137718992e-06,-2.0355142807358672e-05,4.359747925706536e-05,-0.3125,-0.6875,0.125,-0.012070096936088959,-0.027214856321469673,0.0021065465428032606
3.404903033664961,2.6027963695014344,2.73859986831134,0.4218276226636296,0.35315142323366183,0.4975359653544243,-0.3944211833335203,-0.6600983031932117,-0.07356192371622829,-0.006859407841684595,-0.020578638057072853,3.839587755072315e-07,7.2531394677555205e-06,-4.818039799936724e-05,5.720022812077951e-05,-0.25,-0.5625,0.125,-0.018957380290715697,-0.03388182193020992,-0.00478991346442765,0.4369330774940608,0.3806533115540547,0.4992437443025028,-0.406961546486059,-0.7507230674440393,-0.07130080789893896,0.0022603802405319895,-3.919680088837474e-09,0.006781144642142365,1.157508791654882e-05,-2.3050193764422023e-05,4.473788446290591e-05,-0.4375,-0.9375,0.0625,-0.009257502526873296,-0.025412843872189627,0.0071344514827676115
3.5589991114467354,2.4901015642358684,2.525985788349882,0.3857580758071604,0.3300146596871213,0.4452091762157917,-0.1266744402324207,-0.4824245052399703,0.32339858877420613,0.008232190411862517,-0.0003755750721374379,0.02526004047983289,3.124384859010121e-05,-6.620711224606113e-05,0.00012992462266857432,0.0625,-0.3125,0.4375,-0.0033100129044907334,-0.030320802527136426,0.024366668392682995,0.4714108773158733,0.40716163259773913,0.5456440527414569,-0.37720863464573995,-0.8376257217212754,0.09356258910587767,0.005014288247151444,-0.0034506653840627203,0.018497592030286333,1.3739259646206037e-05,-1.2267817526370737e-05,4.691907154575625e-05,0.0,-0.4375,0.4703124999999986,-0.006087314675408351,-0.02208877800989284,0.0085148837148266
3.7200691326721116,2.382286172236226,2.5495234091593604,0.3876042601091703,0.3369197684969356,0.45628386781368735,-0.10310007990511849,-0.40888925477663773,0.2514031944192111,-0.003010113144373716,-0.009030272400927136,-9.599698813644863e-12,-8.954562394636323e-06,-7.85825395399925e-05,5.471566462486446e-05,0.0625,-0.1875,0.375,0.0031267196857420743,-0.012917724901002358,0.019682112394537873,0.4205112174589667,0.32909716059573674,0.5254810798794685,-0.19534350220044416,-0.510886648764074,0.13959468651478338,-0.0477824063472978,-0.14334608749466918,1.3585339253663343e-06,-2.1300417684944062e-05,-5.334194571869344e-05,1.2159215118068276e-05,0.125,-0.25,0.4375,0.001117702849333213,-0.013070015086694963,0.018352933758584947
3.888428717880266,2.2791389266764672,2.488530035953118,0.3595560676814773,0.3207693621864424,0.3977647195413294,-0.1780783660930183,-0.5929689191056425,0.2703411697961058,-0.048945922035139255,-0.10962100035616067,-5.4135052110385054e-05,6.706643108400634e-05,5.681844398895686e-06,0.0001393371444191896,0.3125,0.0,0.625,-0.025844402612685613,-0.043112715972530594,-0.009966309204549847,0.41858668693405776,0.3532139647474233,0.4887509471197538,-0.27004828625524624,-0.7036090151927141,0.10139869355672594,0.001119202785272666,-5.122883562719282e-07,0.002969015871642777,8.776692334566683e-06,-3.084534883527473e-05,4.504240305778505e-05,-0.1875,-0.625,0.1875,-0.017288742201746032,-0.032885903881373135,-0.001060903025384711
4.064407771684452,2.1804577080745773,2.2664296260406727,0.45397486099974294,0.3572866744066627,0.585369637239989,-0.3968370662147436,-0.7996712370022095,-0.04903595414109836,-0.007275453139839683,-0.0377055775738395,0.015187227434275483,5.236988108781038e-06,-4.6041957911006906e-05,6.181664277899872e-05,-0.0625,-0.3125,0.1875,-0.01413035082121894,-0.027428989224660947,0.0022192721907605935,0.4493423008852467,0.358530721854625,0.5687221072051164,-0.3200649859504665,-0.7847346905192722,0.12500994637977914,1.3543722344744324e-06,-2.0334622874429442e-11,4.050796973342763e-06,4.329505740807704e-06,-3.9480129802776934e-05,4.8366847949299315e-05,0.375,-0.09531249999999991,0.8125,-0.015936925878524022,-0.03329831287300733,-0.00013036412824072593
4.248351129227939,2.086049148234632,2.1166494682425396,0.4226734700376722,0.37807980863558377,0.46956934535103434,-0.2031581649368377,-0.4895386829409304,0.054832118990610426,-0.016775680681628824,-0.04753601501855774,0.0038005050244070944,2.435432632763579e-05,-3.7444766387798034e-05,0.00010370352802869379,0.0,-0.25,0.25,-0.015437849105182977,-0.04538111990192806,0.011000318402729765,0.3823384988531623,0.34277944211364186,0.4265148886567482,-0.17083689578180383,-0.5689492259306747,0.22203749148292215,0.0007009840755256569,-9.003614983127406e-07,0.002103853095982633,9.627628508313002e-07,-3.607830660834477e-05,4.079559024493805e-05,-0.0625,-0.7203124999999999,0.5,-0.006163698404957785,-0.023966016342158267,0.009834503321588212
4.440619231896679,1.9957282513372185,2.111915055620497,0.40968916116676557,0.34042538569461517,0.48692957823434563,-0.49211875038480457,-0.8557429397942841,-0.10750894701192251,1.3231120865597745e-08,-6.570299859731676e-13,3.969419209715053e-08,2.5631413645976764e-06,-4.3951201037756293e-05,4.5617626369083554e-05,-0.1875,-0.5,0.1875,-0.01579348014920079,-0.038273709903119714,0.010620242187819604,0.5525205474375883,0.4580540727978672,0.6413835990885617,-0.45154763422203814,-0.8167768878527312,-0.09024092295086925,0.011199676398718994,-0.01871235119809007,0.04202092364640459,2.2183591976532302e-05,-4.890521536946024e-06,4.738990976349e-05,0.3125,-0.25,0.8453124999999986,-0.03362977318849758,-0.05839770275838822,-0.01053493993208133
4.641588833612781,1.9093180314357212,2.0225322803395867,0.4569392574997181,0.4091278197719549,0.5101702148950413,-0.1864685094863603,-0.5006822745724563,0.1458512360150676,-0.0057435009126274306,-0.017168578816339077,4.3747661935950036e-05,-2.460973376583464e-05,-6.683290840470424e-05,2.4432437283024273e-05,0.0,-0.375,0.375,0.005484235739903198,-0.01872298186246932,0.031456753714406684,0.5149181837304656,0.4406786034646725,0.5890081617752233,0.013325774463396556,-0.3328855325179433,0.3667875994963707,2.298502654807244e-05,-2.194379966868887e-06,7.17884490156251e-05,5.418312895799637e-06,-2.678257096933867e-05,3.252364326795514e-05,0.125,-0.1875,0.4375,-0.007060933434409833,-0.018277256749560333,0.0034929962952696216
4.851653739092786,1.8266491656481534,1.8700023299651378,0.42734583671908244,0.36273969619708984,0.5043752395619359,-0.2964192616311152,-0.6995827273895983,0.042095294609121904,0.027778191413341258,-0.029797363337402977,0.11386118187910763,-5.169848295016877e-07,-6.347180501106303e-05,5.8419584424701474e-05,0.0625,-0.1875,0.3453124999999986,-0.01374358501601236,-0.04694874483082838,0.020774949980403964,0.46395252332859604,0.4125223510108542,0.5211124242167162,-0.31842639328931455,-0.7217962868123692,0.06348760287954393,0.006846952855156241,-8.925825444774382e-05,0.020670223135242555,-2.011535118545682e-05,-5.2544966781514765e-05,1.1185964208827726e-05,-0.125,-0.4375,0.125,-0.0008034720883038915,-0.017225949290914942,0.01907391417622363
5.071225575517377,1.747559662364937,1.689449823982417,0.47595626029524507,0.40281973027481904,0.5529349871327055,-0.09309860868074793,-0.43121613375759865,0.2778624707709752,0.0028102263783744696,-0.0010481153101646818,0.009675964652178353,-5.8501882664319105e-06,-4.8763941300150605e-05,3.28354279019366e-05,0.0,-0.375,0.375,-0.00045544736605762637,-0.028438612747221904,0.028122244284362982,0.5660735793715905,0.5002087762305665,0.6421684906989159,-0.10835808681838444,-0.5211298634627184,0.2451964135286259,0.002331139783438685,-4.119042162908926e-10,0.006993419855528732,1.3416328474291639e-06,-2.5527555676113645e-05,2.7054234838898292e-05,-0.375,-0.75,0.0,-0.00712947170776701,-0.03319806505826506,0.018049834907017677
5.300734599124639,1.6718945438224906,1.7905107739524353,0.5629805658368197,0.47751801789329285,0.6525168065895068,-0.3188362045291342,-0.6765587372343788,0.03224223045673674,-0.006082857214586568,-0.018244884152557244,-3.524453340286756e-10,-4.088623880516007e-05,-8.395546925602238e-05,7.064583144143757e-06,0.0625,-0.1875,0.3125,-0.0009460188184480245,-0.03174643772253596,0.030958258423125915,0.5986697478150667,0.5146370441456317,0.6781753158669878,-0.19073787301294942,-0.6050341524092857,0.20289044123841773,-0.004112161148017268,-0.013173409776505806,0.0008379847757502224,-8.573254612564973e-06,-3.208759920136223e-05,1.712140442068909e-05,0.5625,0.1875,0.9375,0.0016324737462767303,-0.019723364927035546,0.02138412366452948
5.540630538307391,1.599505542420614,1.7324495267610878,0.557372231093915,0.4676866771777943,0.6677882710930166,-0.19136659283105928,-0.5781149003866431,0.16364791464617662,-0.0005489350350407207,-0.0013145264996356875,5.6778581836169056e-12,-1.4246669045148153e-05,-5.972215346563975e-05,2.716740241317931e-05,0.25,-0.125,0.6578124999999986,-0.00014816065992384608,-0.019580620477265276,0.016727052375861272,0.5349701060879943,0.4605595394999172,0.6139090090371072,-0.3793868286400084,-0.8555048012812392,0.06307363766543399,0.003541553419032173,5.801000705472072e-05,0.00953132761655744,-7.422035521398307e-06,-2.8858582234961294e-05,1.176654286388634e-05,0.0625,-0.3125,0.3125,-0.0060809236538297284,-0.033284546237578726,0.017371767960960308
5.791383474866671,1.5302508101885979,1.5683820968466315,0.588015122593204,0.5038956344297669,0.6990692150564025,-0.2841701509327095,-0.6368155551916175,0.07087909700146884,-0.0009565510051099402,-0.0029378589274540066,6.515018839234332e-05,-5.836322219676671e-06,-5.240167059597095e-05,3.158245594045702e-05,-0.1875,-0.4375,0.0625,-0.012847414954427094,-0.03740654597491302,0.012560236729080729,0.566460060708313,0.5031766650497076,0.6357318476751147,-0.06964061784242404,-0.47902415745909366,0.2936281248251243,0.009044874576400685,-5.678627679195358e-10,0.02710878173857531,-3.58198172972779e-06,-3.091684716241272e-05,2.331969674160688e-05,-0.0625,-0.3125,0.1875,-0.00619183178396554,-0.028943667682609142,0.017652178767262414
6.053484765148217,1.46399464083075,1.409077561532147,0.4221259206452367,0.3571495222768692,0.4925604009211041,-0.254993547014692,-0.7187721275302152,0.14013343190448763,-1.6736065304723269e-06,-5.258699950827506e-06,2.529579529453313e-07,-7.999964636407064e-06,-3.150162714008198e-05,1.7066045309394033e-05,0.0625,-0.1875,0.375,-0.014230064450014623,-0.03113651266689903,0.00343267963118538,0.6266365218353274,0.5587185505408789,0.6980289286983071,-0.3649845357840604,-0.7956080203878969,0.09123662585208098,-0.05246149561186875,-0.1224364503258789,9.354678376371645e-09,1.2136634171044935e-05,-8.662148435797934e-06,3.141933281445991e-05,0.0625,-0.375,0.4375,-0.02027399302192734,-0.04575430643748683,0.003957101312503991
6.327448002866914,1.4006072038066784,1.3652138477708293,0.5821919433604736,0.5150627328040733,0.6547154958679431,-0.49327036958607096,-0.9327921690251685,-0.08648973410344092,-0.016939411657060033,-0.07679203039670314,0.026833882758016847,2.013685459489878e-05,-2.013953827491449e-05,5.7208886846780994e-05,0.25,-0.125,0.6578124999999986,-0.033687889477825195,-0.06842014112110935,0.0037740783404171183,0.6429430136861347,0.5484737155051481,0.7302356700001361,-0.3661174809471959,-0.8087042980044032,0.03878239854234945,-0.01855140488742113,-0.04521827424160705,2.845705917831065e-06,1.4802015739945329e-05,-2.8722172115955286e-06,3.1341247197992636e-05,0.125,-0.25,0.5,-0.03164777863279866,-0.055585066902501,-0.005014322032367788
6.6138100255059,1.3399642899252604,1.301716054260199,0.5086571863935005,0.4360384931999739,0.5881694439920367,-0.20504511293540872,-0.7052849906812297,0.2676771736984647,0.012515918255107561,-0.021354086992872244,0.05866053561005493,-3.530827995384955e-05,-7.757466641517829e-05,-2.569529988823155e-06,0.0,0.0,0.0,0.0031281851908673275,-0.0318942547888609,0.03893759050892454,0.5337776044347478,0.4716297301196515,0.605939524096223,-0.1840476666984614,-0.7104272209033695,0.4166332255003168,-0.003753066276843242,-0.011286810348983873,2.593057886737804e-05,-1.5202048411822044e-05,-3.585114492233171e-05,7.327761447660502e-06,0.0,-0.1875,0.1875,0.00478969347941316,-0.033609153976397986,0.04252838852445212
6.913131966262387,1.2819470679537748,1.1778400988236346,0.570403020149011,0.4810100471079223,0.6624446444084852,-0.0689655222320198,-0.3563372453573635,0.15261581223005,-0.034671702720413755,-0.09052703238295359,-1.4827674643669527e-10,-3.1499702420723086e-05,-6.70499669642638e-05,3.521465873992927e-06,-0.125,-0.3125,0.0,0.0030947017922393627,-0.02138478697983759,0.03340964764513252,0.6224881855047495,0.5407542414708714,0.7092977812028669,-0.13841349625681687,-0.47839744633773196,0.15614366770769267,1.2451733866214454e-08,-1.084016222341333e-08,4.8321435780485085e-08,-9.110719414506807e-06,-3.3928171108418834e-05,1.6455937398394958e-05,-0.25,-0.5,0.0,0.0037322865297504393,-0.01824205528637961,0.02430112491078988
7.226000353601509,1.2264418517652769,1.1773778386989544,0.5296963133528967,0.4773661364080887,0.6024142324553862,-0.5049234211090834,-0.8672042214375608,-0.18097942032988784,0.007514385848404359,-0.04019422065250672,0.06251601815452629,1.2954751241800455e-05,-1.8635877932360318e-05,4.202083078781864e-05,0.25,-0.0625,0.5625,-0.029859132618373252,-0.05665485186107002,-0.004493347335811664,0.6258996009485978,0.5419422445892408,0.7160884072059284,-0.3755824766665228,-0.7260497621738409,-0.006562980695116522,-0.018249970864926857,-0.04325430987632176,-5.354096226317692e-07,2.9610526952272842e-05,1.1763830222431826e-05,4.664635504224162e-05,0.125,-0.0625,0.375,-0.04142456668231631,-0.05889324974763834,-0.021080738602002214
7.553028260572817,1.1733398775679242,1.177818711651041,0.6129678041310385,0.5454077305448813,0.6932758630681837,-0.3029695765502538,-0.5549504240224081,-0.08507182843405313,-0.007149408775696697,-0.01645427858032084,4.111160434194794e-07,6.903814752767801e-06,-3.3305415498292856e-05,4.420691954583608e-05,0.0625,-0.25,0.4078124999999986,-0.013374592703844002,-0.039035288537106895,0.012422092226517464,0.5904822777575729,0.529862786705768,0.6587246447050825,-0.20329561184780687,-0.49623518674082445,0.1557781624750985,0.00782540744226079,-7.320244410635716e-12,0.023447418069984193,1.1277004787202394e-05,-6.488052617643902e-06,2.7855894645138767e-05,0.4375,0.1875,0.75,-0.010162576032008985,-0.03101644718816807,0.010100567456910703
7.894856506141497,1.1225370907797403,1.0798315375455159,0.5505103325459719,0.49954442396461074,0.6196734650273306,-0.14520131611436682,-0.4648864876597315,0.10072651079539688,-0.022576230936426356,-0.06223115941078837,0.004343501315131298,1.889770883511943e-05,-1.5190053753616484e-05,5.390658296249572e-05,-0.125,-0.3125,0.0,-0.018154134729226,-0.049461095165807566,0.007578637326948542,0.5966609725971486,0.5244499951667508,0.6652568223995288,-0.18105622763209794,-0.6301023744195788,0.2553253772955371,-3.0877697914322155e-05,-0.00015689126882854066,6.409655589326156e-05,-1.855803921646526e-08,-1.3992250076601263e-05,1.3606105616364993e-05,0.125,-0.1875,0.5,-0.010710664241493362,-0.034564146258282594,0.014397017680698095
8.252154910888384,1.073933942131185,1.0946336722405372,0.6480610175528578,0.57922207990937,0.7125311351163418,-0.07923641562922512,-0.31064131293209984,0.1554747108065754,-0.005815742847567362,-0.017430697471130914,1.1191048088221578e-13,-1.5642848891994632e-05,-4.276985689517787e-05,1.4000280131264136e-05,-0.0625,-0.25,0.125,0.011825279740392602,-0.013651502084076571,0.03682544872795164,0.6154181378736245,0.5662301883536328,0.6746800811442701,-0.030195417082495624,-0.33986355574188565,0.25755535000492386,0.007823138879414326,-6.28894875331909e-06,0.023476982083015373,1.4794256284755836e-05,-4.222719362910465e-06,3.6888701124473945e-05,0.0625,-0.4703124999999999,0.5328124999999986,-0.019406635524021,-0.038011141494305,-0.0016869539039637727
8.62562360953933,1.0274351925959924,0.9939737722439256,0.5728758802085632,0.5281532030542797,0.6192437652561158,-0.30765501381029026,-0.6019212679863017,-0.010416025925300727,3.720587778088813e-06,-6.6835037453083505e-06,1.580521247756539e-05,2.2047277072279048e-05,-4.27051055005706e-06,4.919553507811008e-05,0.0,-0.25,0.25,-0.02601565112962234,-0.06371043804149198,0.006930116658409075,0.6967995815044701,0.6366695481349468,0.7674760556349347,-0.3703337999336327,-0.7845787623621163,-0.02345667742655456,-0.0001795135721098795,-0.0006757297419749064,0.00019776085424658694,5.118113826918513e-06,-8.8553059603369e-06,2.0103957979231136e-05,0.3125,0.125,0.5625,-0.02279996789759764,-0.046302876597005674,0.0013645508183529357
9.015994422895853,0.9829497267680323,1.038784492760411,0.6094938336541134,0.531579211109011,0.6934996198114838,-0.34387846979814185,-0.7297233755792405,0.014341644010337936,0.0016793526393203972,-4.480681159435562e-08,0.004743179934374042,-1.0748444888575293e-06,-3.000134009139427e-05,2.5458238976218398e-05,-0.1875,-0.625,0.125,-0.012631527504019857,-0.05167430314926573,0.027343400882128742,0.6936582702754197,0.6194538372082162,0.7726726501329825,-0.39196722267570294,-0.8338748627719098,0.08507125404693136,0.009805993466855956,7.539042241599958e-08,0.02941716412821125,6.9595178620596165e-06,-6.562884906077815e-06,2.1336451090783742e-05,0.1875,-0.0625,0.4078124999999986,-0.034949192338338264,-0.06464858598766891,-0.007106416824787784
9.424032291855417,0.9403903743185036,1.0009977387552849,0.5968130230901321,0.5431211464550155,0.6557976147976747,-0.07200337994186157,-0.5234199276656454,0.3578757712100778,-3.3702202730800934e-06,-2.9563535280563433e-05,1.7936521136074912e-05,-2.008908354889094e-05,-4.3628532928824405e-05,1.4682755827027865e-06,-0.25,-0.4375,-0.0625,0.012835853947272824,-0.016281011459589934,0.04145816005188969,0.783888785007095,0.7162353156575805,0.8504445932550734,-0.23898470784502024,-0.6760731427571386,0.1915682158712683,0.009040325081989042,-2.0654810073406073e-08,0.027120206299153682,-1.2219741103269843e-05,-2.2891785254519627e-05,-2.032974876330092e-06,0.0,-0.25,0.25,0.002507032093696182,-0.02038245065584974,0.03091799847931556
9.850536776331317,0.8996737391836019,0.9050296568813991,0.621780817753626,0.5613164120945754,0.682717736983836,-0.3808993371580982,-0.6787938868435675,-0.08177598156695472,1.1586280625586198e-05,-3.2825922049450893e-07,3.6202213638747375e-05,2.675011272657013e-06,-2.612785478622037e-05,3.0266547983483214e-05,0.0625,0.0,0.1875,-0.037131868479669095,-0.05965930677663298,-0.014793310768154915,0.6840377364846834,0.6039868810087043,0.7572496351931342,-0.17017024513006618,-0.5204317407960218,0.19208723700292005,1.6371082267596648e-10,-6.186678946917821e-10,1.3283480981840512e-09,1.6885306384328835e-05,8.767128243609978e-06,2.678585186121767e-05,0.1875,-0.1875,0.5,-0.04259129128124073,-0.0717074353763378,-0.011532474908385385
10.29634362200936,0.8607200361479471,0.8729385643360497,0.6246283280251334,0.57244764057018,0.6832998300370776,0.06326036501695853,-0.4754561910827476,0.5526653352781349,-0.0061266541995856905,-0.0183798898836263,1.7936021667885882e-09,-1.905020904074961e-05,-4.63202833292764e-05,8.117395567890093e-06,0.0,-0.2828124999999999,0.25,0.03496557987091364,0.00011540662436839744,0.07603553009383023,0.6612895668197953,0.5743353088726143,0.7576924604966271,-0.09143385348829725,-0.5652680539430037,0.48660722002105083,-0.0018226704946520123,-0.00549512619424033,2.7436834287475343e-05,-9.541608839536142e-06,-2.333736051536861e-05,1.3863104158448569e-06,0.25,-0.0625,0.5953124999999986,0.011121911037449195,-0.03213027609957262,0.04926372800370338
10.76232639801142,0.8234529345035553,0.7985596670896221,0.7113176789972784,0.6434913690309324,0.782084344826606,-0.18494728351402046,-0.5298282233163547,0.20245797251686204,-0.0027663044554748772,-0.007481767996406108,5.755984542662451e-05,-7.121969906931369e-06,-2.6823905108344648e-05,1.310874485205003e-05,-0.1875,-0.4375,0.0625,0.0014873587790518172,-0.03931239249379974,0.04317607423473164,0.6288883205914028,0.5873854251147803,0.6711388116734842,0.024742895467852577,-0.3183267694191841,0.34530451373551024,0.023175713009274013,-1.1660528098644816e-11,0.06952713903680321,-7.091879162812731e-06,-2.287377784089828e-05,7.755757353158915e-06,0.0625,-0.125,0.25,0.01707045594179135,-0.012870204597745882,0.045152107089532295
11.249398208674913,0.787799408478001,0.8303553108859804,0.6262281066929765,0.5737089726512851,0.6893091014648141,-0.1871530405012436,-0.5911151856631477,0.2275720035979873,-0.00658837754763697,-0.02229988366038328,0.0023089689704036908,-3.422072083869576e-06,-2.041565709595822e-05,1.6025040450438887e-05,0.125,0.0,0.3125,-0.020281053413967243,-0.061330708675400025,0.02361368127390299,0.7123513278055074,0.6503259801029581,0.7769030360599707,0.06927585843232009,-0.437050292680658,0.5602875193447059,-0.004234651730636418,-0.012727676978335845,2.3722149678140346e-05,1.3506181240630077e-06,-9.00679449365449e-06,1.2484832025215492e-05,-0.1875,-0.4375,0.0,-0.012642071892024376,-0.054134937665567054,0.024126619556038696
11.758513482802481,0.7536895941386784,0.7899581855134368,0.7164014122616865,0.6534061211344163,0.7820907291234523,-0.5497766365820098,-1.052478164760339,-0.022013686459365564,-0.00192188715122521,-0.006673924583820034,0.00090826312649811,-9.448836741254851e-06,-3.296308884785104e-05,1.2333725849764105e-05,0.0625,0.0,0.1875,-0.043140974051361525,-0.0991360771642567,0.010532555270894195,0.7503306038764628,0.696098422392496,0.8196058697761428,-0.29642216750198713,-0.8383030300757355,0.30671711567154025,-1.1536278403667666e-06,-4.212385353452586e-06,7.517214330898802e-07,-1.0387187913685203e-06,-8.205348458130423e-06,7.596396870619691e-06,0.0,-0.3125,0.2828124999999986,-0.02436433197634358,-0.05957922722614199,0.013018352408473176
12.290669843887937,0.7210566524927626,0.7232979655156024,0.6538818719550661,0.5897429635664255,0.727541246824283,-0.25360053900681123,-0.5214221760256464,-0.019822861170246155,-0.02307952471443775,-0.06292642704402057,0.006947031912791601,-1.3206267017285e-05,-3.297960362349805e-05,8.341018775058485e-06,-0.0625,-0.1875,0.0,0.0005583219817353324,-0.047872149516207864,0.04620429611551803,0.762225412820043,0.7233845876223447,0.8076137511932484,-0.23069907183707983,-0.590675307180095,0.13511415975535776,0.004483710023211351,-0.00017432915109694136,0.01371262375119997,9.56522622608258e-06,6.183052241454103e-07,1.8944837419573854e-05,-0.125,-0.375,0.125,-0.028775036309525603,-0.06336171063324159,0.013124670416288701
12.84691006498324,0.6898366385146125,0.6824369193098206,0.7057233148996817,0.6356658054658427,0.7727921335281814,0.06015342554815106,-0.3319089633231897,0.43969642132051373,4.582436465083717e-05,-2.5811564947475497e-05,0.00017618421552088038,3.0840955219657573e-06,-1.2054446312789735e-05,1.8419105809176756e-05,0.0625,0.0,0.1875,0.0035357566000087104,-0.048476068412377414,0.04845578517473575,0.7345362637965387,0.6672622219490211,0.8003724070897953,-0.0014174935781738895,-0.3710182988915335,0.37729702866149617,0.01311624303735659,-1.5417530335404273e-06,0.035214727906505955,6.3056807932948544e-06,-7.929548879714865e-06,1.7181925027258395e-05,0.0625,-0.125,0.25,-0.022720015531433546,-0.06877011215213287,0.020641738212909284
13.428324112037103,0.6599683758439725,0.6567983711477247,0.7633847754988994,0.7039112725304951,0.8232125657542942,-0.2577394540212481,-0.579580676357699,0.09053653273983847,0.00025852645748081216,-7.904787935331115e-14,0.0007753464711174662,-2.2755822004005832e-05,-4.1211037103454365e-05,-3.944924882186287e-06,-0.0625,-0.375,0.1875,0.018871837005967507,-0.021939400513963744,0.0626314430041063,0.7595452900101922,0.7028608188125597,0.8148930566329382,-0.4404108544040355,-0.8279977633829049,-0.030454643241296632,0.012012557860853423,-1.598397058897305e-05,0.03604428802510713,-2.977310030183311e-06,-1.3044887494589874e-05,6.981103561730363e-06,-0.4375,-0.75,-0.15468750000000142,-0.033618133268078054,-0.06823851214042839,0.0003890079455892458
14.036051279709202,0.631393336909438,0.6557528896342989,0.7608570284101305,0.6958371175962543,0.8242659888077815,0.029107437734182895,-0.3812889088044755,0.4858528028780027,0.00010040202858085934,-0.02265787430534336,0.027215161980658653,8.497458340028796e-06,-8.169929747452175e-06,2.6721701650264654e-05,0.0625,-0.1875,0.3453124999999986,-0.01731651958807845,-0.06613892771344485,0.031174597161447437,0.7610434750240519,0.7103172522141185,0.8191446225896309,0.07181152383282097,-0.35783738679830324,0.5407720835625238,0.011118222902901653,1.5389013276911889e-06,0.03266603075680541,1.637824549316491e-07,-7.96831268199405e-06,8.33849600819225e-06,-0.3125,-0.5625,-0.125,0.013344152329239023,-0.028706982524968082,0.05749495197184585
14.671282423845177,0.6040555282422871,0.5949209643069325,0.7717349970015205,0.7297521319609824,0.8111010233465272,0.11296715697108084,-0.186440651107813,0.43444051440628184,-0.0019150457694068201,-0.007270721665578672,0.0015264288028096983,3.750636017207931e-06,-1.027633000301592e-05,1.618940287727438e-05,0.0,-0.1875,0.1875,-0.004140610144496293,-0.03483819780030384,0.027617982305483218,0.7996270764324331,0.7498204249624973,0.8490159981717783,-0.12321619116164584,-0.49780044044166516,0.3249086002012743,0.007375144572453696,-0.00020395346935402346,0.02235439487382599,-1.0282264439887001e-06,-9.649069903376606e-06,7.342530866882855e-06,0.0625,-0.25,0.4375,0.00500585937862752,-0.030318445740640597,0.04147671087057851
15.33526229498699,0.5779013807559461,0.5813027482896563,0.7706860742681538,0.7086518092264715,0.8382069428619149,-0.035958744793106234,-0.3560097989988719,0.29354259330183935,-0.018832376306300525,-0.05227607062489564,-3.907321577401036e-10,1.8362631341584112e-06,-1.150231770140203e-05,1.7277705841703405e-05,-0.0625,-0.1875,0.0,-0.0050851003384906335,-0.051844123494909765,0.044979319481700065,0.7769837346648932,0.7110315760098184,0.8457625751348318,-0.08918994311898132,-0.45443585859895846,0.3649627060348503,-0.025673350618934165,-0.07700532277791088,-1.954453676678016e-08,3.7033101417671688e-06,-4.713320528959564e-06,1.2376758943369314e-05,-0.125,-0.4375,0.125,-0.022020238907344947,-0.05761611988249555,0.01192596788887242
16.029291977491233,0.5528796447760899,0.5460864190776684,0.7707025604053803,0.7100318211476069,0.8345493297963913,-0.059495424607121095,-0.5580595154321373,0.3780191387773015,0.0005227395017897152,-9.334456766207922e-07,0.0015354614338901063,-2.5138508520372582e-06,-1.6220285683653245e-05,1.0528108646744299e-05,-0.0625,-0.25,0.125,-0.02151597574358277,-0.059773395391555795,0.025564979825266523,0.7562435506282078,0.7173201555579779,0.7968600208633713,0.12199691894738862,-0.3490007412786326,0.7178202131231841,0.00013007613901061532,7.18784412101494e-07,0.00034130282660205236,-4.697478895865359e-07,-8.584837080317931e-06,8.29633448064526e-06,0.0625,0.0,0.1875,0.005749523632630371,-0.04115693200419272,0.05088373373688597
16.754731439034888,0.5289412896156853,0.5497987232430345,0.7857134125947661,0.7429959510626835,0.8320902141447817,-0.17816863343364275,-0.5214602971789191,0.17237062034313896,0.0010655390466149939,-1.730545216127588e-07,0.0031816041108819306,2.274037962934905e-06,-1.146155719397024e-05,1.5006229990681407e-05,0.0,-0.1875,0.1875,-0.024667936579902516,-0.0765921818576544,0.024269937931092733,0.8242959117773851,0.7751303949428886,0.87260790589655,0.007267503915954876,-0.4783009325318744,0.42954113798818966,-3.537492299088285e-07,-1.832229686193898e-06,7.705519085909885e-07,-4.5346397609113964e-07,-8.983816483949802e-06,7.518275986473363e-06,0.125,0.0,0.3125,0.028252759672483307,-0.019512159118458428,0.07501151708334992
17.513002195504342,0.5060394074981936,0.505990130154619,0.8087581047913992,0.7582362629438193,0.8613075744699291,0.3469413034013087,-0.033936874828174264,0.6933284594766461,2.3626276934862744e-08,-4.1969409481090736e-07,5.044668122122781e-07,3.445710703209315e-06,-1.1181172264736194e-05,1.8732326203260692e-05,0.0,-0.1875,0.1875,0.013867673248796564,-0.048681093047884615,0.060223978476134477,0.8363235696218335,0.7864134934226328,0.8823634999030849,0.21078448957086948,-0.1095685444207902,0.5641062213477311,0.008978854860931307,-0.002490741821246756,0.029391669244243655,1.0826034654298766e-06,-9.333276278913894e-06,8.957721922342453e-06,0.0625,-0.1578124999999999,0.25,-0.0066731143718783414,-0.05152867896620776,0.043058086996283496
18.30559009648961,0.4841291216406655,0.4953790027484084,0.7955081859505814,0.7397948368081843,0.8503885646980563,0.1612649703729403,-0.13314028882003298,0.4742313476010678,0.0003460925825162775,-0.002477694721482737,0.003845463335327359,-7.940943307194193e-06,-2.3963226140912007e-05,7.175373062512354e-06,0.0,0.0,0.0,0.02037083023736841,-0.016587207158712047,0.050614020907860886,0.8575756521576523,0.820549921378435,0.8964669307619678,0.3743087975767594,0.05358706551591013,0.7294620664575514,0.00026956004876232953,-3.0139789893746105e-05,0.0008414922954036896,7.961044987403465e-06,-1.4084643562714548e-06,1.8070493832844647e-05,0.0,-0.1875,0.1875,-0.005237808881147998,-0.039211828611445655,0.03368612601215268
19.1340482368419,0.4631674983166192,0.4241202013821206,0.7857252141417306,0.7286601828469857,0.8357990023877166,-0.38987787662927076,-0.9332543406087893,0.17137331329283234,-0.01695686732944157,-0.04656376573791217,-0.0002652119078436543,7.802647896404391e-06,-7.996980641042373e-06,2.4088400775984506e-05,-0.1875,-0.5,0.0,-0.028178543567364045,-0.08166729752033745,0.025500740396804368,0.8751636409683501,0.8299781473618024,0.9183220790674324,-0.2726073227540837,-0.9417960857166235,0.2691203116952578,-0.03505730269416496,-0.10033324111788837,-4.2995462528061524e-07,1.6759343019479012e-06,-3.7256153281262084e-06,7.567177391801238e-06,-0.0625,-0.1875,0.0,-0.04602571202241279,-0.10345153507024918,0.020217970717789753
20.0,0.443113462726379,0.421556263514811,0.8368760775402553,0.7804595862404647,0.8819201920501522,-0.416174209607334,-0.7689132973239226,-0.01883671500100405,-0.057120698806311765,-0.17136209767908728,1.4734187203657712e-09,1.2638689379673718e-05,7.785511159250082e-07,2.491215651089506e-05,0.0625,0.0,0.1875,-0.0960770830285469,-0.17344134391841734,-0.03399381005016197,0.8818976414877875,0.8329394013190455,0.9290385372361825,-0.4000024355118512,-0.963661454442024,0.12519637467762532,-0.00806808557360128,-0.024159693671955074,-7.300826609935029e-13,4.546359594237437e-06,-6.628531966659801e-07,8.848606178255002e-06,-0.0625,-0.1875,0.0,-0.033555295937333085,-0.08738889360893083,0.020558494965673885
