sigma,realization,dprime_analytic,h0_bottleneck_normalized,h1_bottleneck_normalized
0.5,0,17.724538509055158,1.1491349790104957,1.0971056144496392
0.5,1,17.724538509055158,0.7456713972915686,0.7722047160906998
0.5,2,17.724538509055158,0.7388588139221538,0.802119892823087
0.5,3,17.724538509055158,1.0294286855584742,0.870727102764496
0.5,4,17.724538509055158,0.9198799286482878,0.676551633360946
0.5,5,17.724538509055158,0.8497094191700983,1.0002648712820026
0.5,6,17.724538509055158,0.8316533290083177,1.1447193358351446
0.5,7,17.724538509055158,0.7241453960365217,0.6327034097884192
0.5,8,17.724538509055158,0.7161723932087147,0.5409757748218755
0.5,9,17.724538509055158,0.9204954473785625,1.0844325281200982
0.5,10,17.724538509055158,0.8961933739916725,0.5284789914238546
0.5,11,17.724538509055158,0.5938864671228223,0.51220516173787
0.5,12,17.724538509055158,0.7068681510649563,0.5065385089835366
0.5,13,17.724538509055158,0.7704512239956975,0.5559406408616249
0.5,14,17.724538509055158,0.8378430718593239,0.5888220445315363
0.5,15,17.724538509055158,0.624288108490082,0.8541241656006939
0.75,0,11.816359006036771,0.6380208632073261,0.48308048487524663
0.75,1,11.816359006036771,0.8389022544236457,0.5855866312622365
0.75,2,11.816359006036771,0.8033416999839721,0.3907933320377169
0.75,3,11.816359006036771,0.6210354260532173,0.42348504195730063
0.75,4,11.816359006036771,0.9357915919321655,0.5629126163232109
0.75,5,11.816359006036771,0.8001807830673808,0.9051641080453955
0.75,6,11.816359006036771,0.734969070156197,0.2173317591300609
0.75,7,11.816359006036771,0.5464438819326588,0.5377206070879402
0.75,8,11.816359006036771,0.7677121308545619,0.4478882867366401
0.75,9,11.816359006036771,0.6284983386143984,0.49453638603857025
0.75,10,11.816359006036771,0.7248320614273022,0.5538111771469735
0.75,11,11.816359006036771,0.8910429301520435,0.4125659053300157
0.75,12,11.816359006036771,0.5632592521353957,0.39069472298936875
0.75,13,11.816359006036771,0.5904736997910798,0.5359781448469598
0.75,14,11.816359006036771,0.41722747758604256,0.7053925348285887
0.75,15,11.816359006036771,0.46640499028169335,0.6265382316357915
0.8,0,11.077836568159473,0.6641884728515013,0.5016704153725712
0.8,1,11.077836568159473,0.45788056517908776,0.38146601666169466
0.8,2,11.077836568159473,0.27531847221517924,0.3374963470362281
0.8,3,11.077836568159473,0.767377333259032,0.5793062732329581
0.8,4,11.077836568159473,0.8340291055152906,0.5649574723734874
0.8,5,11.077836568159473,0.41112106557722433,0.3416072084213449
0.8,6,11.077836568159473,0.555253184526262,0.2791891622575074
0.8,7,11.077836568159473,0.4876612766512113,0.4792690334026382
0.8,8,11.077836568159473,0.30623584104891105,0.29268476529098597
0.8,9,11.077836568159473,0.5674600492558757,0.5439382710251165
0.8,10,11.077836568159473,0.3918207495013029,0.49527234962371003
0.8,11,11.077836568159473,0.4447016737696761,0.37740409102239386
0.8,12,11.077836568159473,0.5746845688648402,0.7927322454337834
0.8,13,11.077836568159473,0.353079723467981,0.27158724014426955
0.8,14,11.077836568159473,0.3907977284755694,0.3585518374624158
0.8,15,11.077836568159473,0.5847326748555831,0.47384600300811125
0.8,16,11.077836568159473,0.7135234067476461,0.509409447066789
0.8,17,11.077836568159473,0.7519161580820285,0.5967460402583783
0.8,18,11.077836568159473,0.7163449562051535,0.31203459883383705
0.8,19,11.077836568159473,0.6009223232851194,0.48122969348403966
0.8,20,11.077836568159473,0.46544316866019175,0.37147005809104416
0.8,21,11.077836568159473,0.9606436698718462,0.34298490733013925
0.8,22,11.077836568159473,0.6157545195288836,0.32722017689271815
0.8,23,11.077836568159473,0.6828577705215052,0.44112688346004386
0.8,24,11.077836568159473,0.6407125222354173,0.5752128388174341
0.8,25,11.077836568159473,0.436394410444952,0.37338883122198807
0.8,26,11.077836568159473,0.3920071937825026,0.679192691607513
0.8,27,11.077836568159473,0.7950957012258869,1.0575996269121413
0.8,28,11.077836568159473,0.5452376882794725,0.3448452933300057
0.8,29,11.077836568159473,0.5528537730903565,0.8485149641168133
0.8,30,11.077836568159473,0.6334023073053618,0.9177079871743024
0.8,31,11.077836568159473,0.42921721275815644,0.2600013697586163
0.8,32,11.077836568159473,0.4633294677461407,0.5819419129501476
0.8,33,11.077836568159473,0.8041014028585,0.5066693543721837
0.8,34,11.077836568159473,0.5490110096268611,0.6765584821394224
0.8,35,11.077836568159473,0.8121156800904551,0.39954052427377884
0.8,36,11.077836568159473,0.43656564897220074,0.5909192777616309
0.8,37,11.077836568159473,0.8282822025661775,0.48336876480118723
0.8,38,11.077836568159473,0.8448190527062355,0.7288220972654865
0.8,39,11.077836568159473,0.947240272626591,0.36260919152748067
0.8,40,11.077836568159473,0.45854291697503224,0.29676539337771995
0.8,41,11.077836568159473,0.48478303845741283,0.44526054919641483
0.8,42,11.077836568159473,0.43824499466576916,0.25338660646543093
0.8,43,11.077836568159473,0.6024224181734587,0.5564799951152128
0.8,44,11.077836568159473,0.6792591643677239,0.3840497609613826
0.8,45,11.077836568159473,0.48690353684029714,0.44934468898806934
0.8,46,11.077836568159473,0.6956242002500695,0.5950424349877833
0.8,47,11.077836568159473,0.4991823917350836,0.7684098775745154
0.8,48,11.077836568159473,0.4511968109174903,0.6859303030380592
0.8,49,11.077836568159473,0.6719164042229822,0.3796721431216211
0.8,50,11.077836568159473,0.7301900457562461,0.7682197311826813
0.8,51,11.077836568159473,0.6133140619512728,1.081556655816814
0.8,52,11.077836568159473,0.5698720559904127,0.3252452118150984
0.8,53,11.077836568159473,0.5130375932081951,0.5201790087730379
0.8,54,11.077836568159473,0.3783381703161205,0.2769668729162135
0.8,55,11.077836568159473,0.7177754125015886,0.22542946184652135
0.8,56,11.077836568159473,0.6823895746806825,0.36857065297688013
0.8,57,11.077836568159473,0.6778349858220051,0.24979464792067363
0.8,58,11.077836568159473,0.585201717704586,0.6248339343917876
0.8,59,11.077836568159473,0.7031306935339963,0.5418971889405385
0.8,60,11.077836568159473,0.5829022658739387,0.29274115742052886
0.8,61,11.077836568159473,0.619677686610111,0.449345526393219
0.8,62,11.077836568159473,0.6196568838117288,0.32147312214973006
0.8,63,11.077836568159473,0.7003334499792618,0.43814171883529346
0.9,0,9.846965838363976,0.3843891728838651,0.4070869737856001
0.9,1,9.846965838363976,0.5774849836808019,0.3574691824174613
0.9,2,9.846965838363976,0.4055630461450177,0.5285990183750764
0.9,3,9.846965838363976,0.7303609240002662,0.4946009735161486
0.9,4,9.846965838363976,0.3216539068485,0.32532247094571637
0.9,5,9.846965838363976,0.6050152101782302,0.45729816681157165
0.9,6,9.846965838363976,0.7292500087472723,0.31666506854930554
0.9,7,9.846965838363976,0.6669344500216394,0.5147900578053519
0.9,8,9.846965838363976,0.5208862392639214,0.23351280776214373
0.9,9,9.846965838363976,0.34345596257193206,0.6688622625309174
0.9,10,9.846965838363976,0.6683733932811309,0.30562372670236937
0.9,11,9.846965838363976,0.781617828383348,0.8475427576213881
0.9,12,9.846965838363976,0.6154791468375574,0.4863887353023708
0.9,13,9.846965838363976,0.5032865699439065,0.3893807652643341
0.9,14,9.846965838363976,0.44406983087348356,0.6723588247388662
0.9,15,9.846965838363976,0.6824970484522647,0.1830032167093303
0.9,16,9.846965838363976,0.41978991791899295,0.39196291739846373
0.9,17,9.846965838363976,0.48906305850717435,0.38077812792350996
0.9,18,9.846965838363976,0.7674517838663284,0.6445778585166629
0.9,19,9.846965838363976,0.25195809802885927,0.36631510972339015
0.9,20,9.846965838363976,0.6934606778014434,0.371742438793002
0.9,21,9.846965838363976,0.8520447769034958,0.27843776579680385
0.9,22,9.846965838363976,0.5227160273983522,0.3766282084081708
0.9,23,9.846965838363976,0.46972744407443956,0.5454883950558154
0.9,24,9.846965838363976,0.7359740516367953,0.34675365942229075
0.9,25,9.846965838363976,0.28976287397069134,0.3215220761516105
0.9,26,9.846965838363976,0.5033417482429154,0.4557529912515052
0.9,27,9.846965838363976,0.6141713531651775,0.5830317091959981
0.9,28,9.846965838363976,0.7935239633897535,0.3994692549418958
0.9,29,9.846965838363976,0.5271123175714058,0.3588247856513104
0.9,30,9.846965838363976,0.5441278558149695,0.440549425605879
0.9,31,9.846965838363976,0.5750022689218034,0.756349339127035
0.9,32,9.846965838363976,0.3493116291012251,0.2845526477102874
0.9,33,9.846965838363976,0.3703948913636819,0.34983655784897555
0.9,34,9.846965838363976,0.6396295657690106,0.2725990802123394
0.9,35,9.846965838363976,0.41472488081044534,0.4212691000819364
0.9,36,9.846965838363976,0.654059882033784,0.3548763502669267
0.9,37,9.846965838363976,0.7283938476650414,0.4530027004885254
0.9,38,9.846965838363976,0.426418319157726,0.5014245490033906
0.9,39,9.846965838363976,0.4611875095995702,0.3651141415298444
0.9,40,9.846965838363976,0.3595461226243733,0.35241577014095776
0.9,41,9.846965838363976,0.4306097048467141,0.4472628133216179
0.9,42,9.846965838363976,0.4159321932568539,0.5354507951581519
0.9,43,9.846965838363976,0.4062159792169374,0.21458215797953112
0.9,44,9.846965838363976,0.6126728131170954,0.5801062424576439
0.9,45,9.846965838363976,0.2555328319093122,0.3994625323693553
0.9,46,9.846965838363976,0.33729626486504116,0.47001009357550755
0.9,47,9.846965838363976,0.3403056194246753,0.3622262280745056
0.9,48,9.846965838363976,0.5015427463703037,0.18737289598880055
0.9,49,9.846965838363976,0.2686997225023412,0.43017180489692397
0.9,50,9.846965838363976,0.42359716066327724,0.4343485068620985
0.9,51,9.846965838363976,0.40949867008412716,0.301837895591694
0.9,52,9.846965838363976,0.3895560504146127,0.3637652542058973
0.9,53,9.846965838363976,0.6770194930067194,0.527047619618162
0.9,54,9.846965838363976,0.37745152990372066,0.24056647829896569
0.9,55,9.846965838363976,0.41964546462484426,0.2438380566181306
0.9,56,9.846965838363976,0.3629172908220882,0.6445590910204587
0.9,57,9.846965838363976,0.7716289076565632,0.6222064029036746
0.9,58,9.846965838363976,0.7177670907592104,0.4253396325634852
0.9,59,9.846965838363976,0.7055099239125733,0.32149747106258736
0.9,60,9.846965838363976,0.28780659615531934,0.5989060208147823
0.9,61,9.846965838363976,0.4559885574523404,0.9483657177513192
0.9,62,9.846965838363976,0.84111641737368,0.47350971838951555
0.9,63,9.846965838363976,0.5303964115929302,0.24131257553917443
1.0,0,8.862269254527579,0.2830110225651572,0.3145676854577528
1.0,1,8.862269254527579,0.26616357707313887,0.2864355822736332
1.0,2,8.862269254527579,0.6664430693525302,0.6988422303835304
1.0,3,8.862269254527579,0.37741998292243495,0.2630683889090604
1.0,4,8.862269254527579,0.3499509579376261,0.4372159214327256
1.0,5,8.862269254527579,0.3897560057746094,0.6309437601055885
1.0,6,8.862269254527579,0.3934498095989514,0.4537099149894719
1.0,7,8.862269254527579,0.42739271958598624,0.292712843037538
1.0,8,8.862269254527579,0.45983262821964577,0.36854176873308825
1.0,9,8.862269254527579,0.4487885557084998,0.3852599881829104
1.0,10,8.862269254527579,0.2950505016124241,0.4242247589916528
1.0,11,8.862269254527579,0.3602860620785855,0.3254956659973478
1.0,12,8.862269254527579,0.41717413659839575,0.3745965136467063
1.0,13,8.862269254527579,0.665668617571283,0.4198566216926168
1.0,14,8.862269254527579,0.6413361959608379,0.24535767958875054
1.0,15,8.862269254527579,0.4670991829457538,0.5200440422256238
1.0,16,8.862269254527579,0.39222399540858327,0.48641634407564693
1.0,17,8.862269254527579,0.5273229895519161,0.32142515359392376
1.0,18,8.862269254527579,0.5624846630998599,0.24989271624030002
1.0,19,8.862269254527579,0.33555847956332086,0.5732353912777912
1.0,20,8.862269254527579,0.5794680298647652,0.7483376345492491
1.0,21,8.862269254527579,0.37448112797614563,0.39060117010684303
1.0,22,8.862269254527579,0.30999063529792553,0.5187946336366177
1.0,23,8.862269254527579,0.588543756336837,0.28541578779224575
1.0,24,8.862269254527579,0.2842755816438256,0.49611362634783884
1.0,25,8.862269254527579,0.2830702067783076,0.20221750385596998
1.0,26,8.862269254527579,0.6126007874292714,0.4135224552687027
1.0,27,8.862269254527579,0.25622034316908815,0.21648209644342445
1.0,28,8.862269254527579,0.444283365255315,0.21845211582774315
1.0,29,8.862269254527579,0.46964507780980413,0.5473114865386222
1.0,30,8.862269254527579,0.17484413653134367,0.45479231571566126
1.0,31,8.862269254527579,0.6602903479274322,0.7176062031272396
1.0,32,8.862269254527579,0.28220266284535533,0.25341813316262385
1.0,33,8.862269254527579,0.9138781645697382,0.3372735753611787
1.0,34,8.862269254527579,0.38917093646060585,0.5039689075853873
1.0,35,8.862269254527579,0.49260255220732707,0.7735405800349648
1.0,36,8.862269254527579,0.6858785485697506,0.3932475336098742
1.0,37,8.862269254527579,0.438896163854046,0.3990457229922959
1.0,38,8.862269254527579,0.38768872113310093,0.40866088538359513
1.0,39,8.862269254527579,0.4077656320584619,0.35669545758128474
1.0,40,8.862269254527579,0.2650328393591594,0.42744780160327683
1.0,41,8.862269254527579,0.39888890611712735,0.32880058815823127
1.0,42,8.862269254527579,0.443714074511651,0.27044836649665704
1.0,43,8.862269254527579,0.7637240307007149,0.37174890600663824
1.0,44,8.862269254527579,0.530342753529861,0.4478944305918705
1.0,45,8.862269254527579,0.43854216833426896,0.31934259725995495
1.0,46,8.862269254527579,0.5219589246624275,0.46749825921771104
1.0,47,8.862269254527579,0.3639748638646132,0.2796813902349468
1.0,48,8.862269254527579,0.33382739484111057,0.4728134586706439
1.0,49,8.862269254527579,0.7788408712068483,0.2557667949043586
1.0,50,8.862269254527579,0.5432058888358737,0.3013798151024598
1.0,51,8.862269254527579,0.336384235116339,0.5441921334439337
1.0,52,8.862269254527579,0.41691239739874175,0.7362833911167852
1.0,53,8.862269254527579,0.3440099242693797,0.2680063375601768
1.0,54,8.862269254527579,0.625536544669729,0.4480409352550878
1.0,55,8.862269254527579,0.5713819846066408,0.2535049237735887
1.0,56,8.862269254527579,0.5667826317103183,0.40786571374303165
1.0,57,8.862269254527579,0.5223078620320767,0.7234820565642911
1.0,58,8.862269254527579,0.39881529600193033,0.42476533664090294
1.0,59,8.862269254527579,0.3695596089121117,0.41083243965537447
1.0,60,8.862269254527579,0.6582374185383684,0.5968541751247256
1.0,61,8.862269254527579,0.3004703690732543,0.5569151098316178
1.0,62,8.862269254527579,0.4303764518776914,0.36053932085708384
1.0,63,8.862269254527579,0.706490607626751,0.5359128238611506
1.1,0,8.05660841320689,0.3444793221527353,0.5022958477214602
1.1,1,8.05660841320689,0.43964967618443196,0.3938847081336862
1.1,2,8.05660841320689,0.5303138106677743,0.4201750240959251
1.1,3,8.05660841320689,0.5168496044337736,0.556886716509839
1.1,4,8.05660841320689,0.5345960609614026,0.3742714518062363
1.1,5,8.05660841320689,0.2983969271592583,0.2834779658841828
1.1,6,8.05660841320689,0.2862768742607443,0.48800605807178493
1.1,7,8.05660841320689,0.27909272245231087,0.2678880810983902
1.1,8,8.05660841320689,0.40127495274073816,0.3064670155390491
1.1,9,8.05660841320689,0.5837189301395643,0.1856196957488753
1.1,10,8.05660841320689,0.5350903691255532,0.31219125642078754
1.1,11,8.05660841320689,0.31441435703621956,0.3668242782594795
1.1,12,8.05660841320689,0.14113894797278914,0.2604652412528187
1.1,13,8.05660841320689,0.2161451211775744,0.4676364219810292
1.1,14,8.05660841320689,0.3680009961712498,0.2937311244659833
1.1,15,8.05660841320689,0.603996585355835,0.33804046339387217
1.1,16,8.05660841320689,0.3994091240843583,0.5120240024294994
1.1,17,8.05660841320689,0.6230378733973603,0.47464957394733337
1.1,18,8.05660841320689,0.566774887737752,0.22996574884347873
1.1,19,8.05660841320689,0.619316626187605,0.341485935275766
1.1,20,8.05660841320689,0.5335375815375084,0.47458533701739564
1.1,21,8.05660841320689,0.4694021267525074,0.4976833474335484
1.1,22,8.05660841320689,0.3288486826013009,0.3842733493318337
1.1,23,8.05660841320689,0.5686422070528951,0.46342760869142036
1.1,24,8.05660841320689,0.7981974551560791,0.2229501607581835
1.1,25,8.05660841320689,0.41701476407580773,0.23632775034735798
1.1,26,8.05660841320689,0.3037762016164698,0.2183894559418509
1.1,27,8.05660841320689,0.7670028188378543,0.25228885683420127
1.1,28,8.05660841320689,0.45377643724819317,0.28425381649159576
1.1,29,8.05660841320689,0.47432675827777393,0.2524654094706253
1.1,30,8.05660841320689,0.41811486298639317,0.2610608690718775
1.1,31,8.05660841320689,0.3827266485278266,0.17780384769221105
1.1,32,8.05660841320689,0.20794437643222868,0.24276962398694896
1.1,33,8.05660841320689,0.4430845203677487,0.2689179522179941
1.1,34,8.05660841320689,0.37492754520773686,0.37327858164116917
1.1,35,8.05660841320689,0.4754229411109918,0.2766756448431254
1.1,36,8.05660841320689,0.3901133751278383,0.4082290546234913
1.1,37,8.05660841320689,0.24067804918515823,0.23094640425616322
1.1,38,8.05660841320689,0.4103335893955855,0.26805452101555777
1.1,39,8.05660841320689,0.3156911090971482,0.29364683090024024
1.1,40,8.05660841320689,0.3256500107295606,0.2525074911350421
1.1,41,8.05660841320689,0.7916361789814874,0.2993707184871284
1.1,42,8.05660841320689,0.2826114034516056,0.7670178756779593
1.1,43,8.05660841320689,0.6700354351880422,0.766988491692302
1.1,44,8.05660841320689,0.4462336266990799,0.40774939568148505
1.1,45,8.05660841320689,0.23639438007080013,0.399139826351382
1.1,46,8.05660841320689,0.2830213737862206,0.2610626362134838
1.1,47,8.05660841320689,0.5691753523164447,0.6009620142899927
1.1,48,8.05660841320689,0.5324268113566794,0.3488205144903083
1.1,49,8.05660841320689,0.2702742424826452,0.34456169106539447
1.1,50,8.05660841320689,0.6499558541346402,0.28029685251663883
1.1,51,8.05660841320689,0.37164900745356316,0.4416229769742779
1.1,52,8.05660841320689,0.2789237418561268,0.17295689379376186
1.1,53,8.05660841320689,0.306837429004973,0.2913789831670087
1.1,54,8.05660841320689,0.4268596805385187,0.3715876409139307
1.1,55,8.05660841320689,0.3258907114357755,0.359451587955884
1.1,56,8.05660841320689,0.41044256534397405,0.21745075161855915
1.1,57,8.05660841320689,0.5880545097766167,0.4494088773071902
1.1,58,8.05660841320689,0.27193774919200103,0.1685792204521217
1.1,59,8.05660841320689,0.5487830433097644,0.5075499274365748
1.1,60,8.05660841320689,0.4660549799807912,0.3110137723028988
1.1,61,8.05660841320689,0.195953720433704,0.26062173183987813
1.1,62,8.05660841320689,0.5846270222294244,0.22417954002096516
1.1,63,8.05660841320689,0.27747343893429305,0.23542148558120563
1.2,0,7.385224378772983,0.5582204115073827,0.6432377645197903
1.2,1,7.385224378772983,0.24162143034196246,0.23809466833355786
1.2,2,7.385224378772983,0.28667740879947123,0.40476430079656145
1.2,3,7.385224378772983,0.6887975286691291,0.3090607546581579
1.2,4,7.385224378772983,0.5083549895972349,0.41594957431730484
1.2,5,7.385224378772983,0.6309632029251498,0.4753725470793685
1.2,6,7.385224378772983,0.282163127518855,0.22561764849836788
1.2,7,7.385224378772983,0.7065978787068492,0.4905189352049109
1.2,8,7.385224378772983,0.3468236062807693,0.3348048345268264
1.2,9,7.385224378772983,0.2700543944800222,0.4741363151634831
1.2,10,7.385224378772983,0.24100605970455038,0.2941800321538487
1.2,11,7.385224378772983,0.5081195714007924,0.5313290470706565
1.2,12,7.385224378772983,0.31848162852142115,0.38380393772774796
1.2,13,7.385224378772983,0.45444498236978625,0.26627188940882646
1.2,14,7.385224378772983,0.20254703206181457,0.2737852437555818
1.2,15,7.385224378772983,0.42318303527182893,0.4391725827450032
1.2,16,7.385224378772983,0.5126715984289547,0.5205790220013234
1.2,17,7.385224378772983,0.44068486879864555,0.3223615355017299
1.2,18,7.385224378772983,0.4422459926652959,0.2414900869180867
1.2,19,7.385224378772983,0.42461328490731753,0.38054289907259853
1.2,20,7.385224378772983,0.38125969730622233,0.16683567697212395
1.2,21,7.385224378772983,0.3261020094899482,0.2586770805178121
1.2,22,7.385224378772983,0.3732191202526484,0.3280966990912423
1.2,23,7.385224378772983,0.30345850806468827,0.40159363435479795
1.2,24,7.385224378772983,0.3990038480226104,0.3561582867174129
1.2,25,7.385224378772983,0.7678824827173863,0.3807212513940411
1.2,26,7.385224378772983,0.2628978126621099,0.5530499489910387
1.2,27,7.385224378772983,0.268102310278118,0.4562867780366511
1.2,28,7.385224378772983,0.3562375995566415,0.21491894960003607
1.2,29,7.385224378772983,0.5387639787455464,0.24837904421434687
1.2,30,7.385224378772983,0.28235023561239475,0.5682156155059153
1.2,31,7.385224378772983,0.3130363691731119,0.19014542619716013
1.2,32,7.385224378772983,0.3736974677265533,0.3640279420135017
1.2,33,7.385224378772983,0.2429330667576273,0.20355667546431871
1.2,34,7.385224378772983,0.33282592467977284,0.20814799819908952
1.2,35,7.385224378772983,0.2910119947487632,0.25146790860960555
1.2,36,7.385224378772983,0.6123068580606094,0.25993973224746686
1.2,37,7.385224378772983,0.4691978166389685,0.31664737497005874
1.2,38,7.385224378772983,0.33087526345861823,0.41518868470974907
1.2,39,7.385224378772983,0.19146250487169847,0.43442537492532407
1.2,40,7.385224378772983,0.45823236697806913,0.6986683476886043
1.2,41,7.385224378772983,0.39633637075865863,0.2400648992306678
1.2,42,7.385224378772983,0.5087952218673787,0.23859057734777867
1.2,43,7.385224378772983,0.354615437511284,0.3310745638107628
1.2,44,7.385224378772983,0.3473572736017599,0.4048686073024007
1.2,45,7.385224378772983,0.27904116959299835,0.42019843025624004
1.2,46,7.385224378772983,0.2617280232133116,0.2342007658428332
1.2,47,7.385224378772983,0.3723867177820369,0.6762198434882707
1.2,48,7.385224378772983,0.3793999749083794,0.21176747356421652
1.2,49,7.385224378772983,0.5053599263008365,0.27182264010397333
1.2,50,7.385224378772983,0.23304053490708984,0.20485692054266536
1.2,51,7.385224378772983,0.47120058791186953,0.5019946839589143
1.2,52,7.385224378772983,0.37686992783341167,0.19159761271399522
1.2,53,7.385224378772983,0.3027659601367043,0.2729086170359114
1.2,54,7.385224378772983,0.25881980168759167,0.21416580938470597
1.2,55,7.385224378772983,0.3073872641136862,0.3243081854958263
1.2,56,7.385224378772983,0.2745280896586476,0.21556837245763488
1.2,57,7.385224378772983,0.252675045902903,0.3061537170040383
1.2,58,7.385224378772983,0.29869994014674184,0.2919514412093543
1.2,59,7.385224378772983,0.21648686874245135,0.19941710891449388
1.2,60,7.385224378772983,0.24161040295922157,0.33143949758402597
1.2,61,7.385224378772983,0.201564047109387,0.33465329368221314
1.2,62,7.385224378772983,0.4818004975018996,0.575647038595331
1.2,63,7.385224378772983,0.5198196082770891,0.28549018078468824
1.3,0,6.817130195790445,0.16406499939160205,0.24252039839927853
1.3,1,6.817130195790445,0.30758804865610273,0.3129962825705832
1.3,2,6.817130195790445,0.6563571097048564,0.3937473001683336
1.3,3,6.817130195790445,0.24139210238705824,0.4434562365681437
1.3,4,6.817130195790445,0.3153177871535259,0.38631215065500096
1.3,5,6.817130195790445,0.33283576741621684,0.24677479040612016
1.3,6,6.817130195790445,0.3704807730141719,0.2649339159128115
1.3,7,6.817130195790445,0.5755735796589021,0.586604225629418
1.3,8,6.817130195790445,0.4858624419980619,0.3046815697544339
1.3,9,6.817130195790445,0.2788214151912241,0.27849289642925057
1.3,10,6.817130195790445,0.26088508678133965,0.5702624210136865
1.3,11,6.817130195790445,0.61513400912589,0.30510906394237786
1.3,12,6.817130195790445,0.4189461060394492,0.37443797491212266
1.3,13,6.817130195790445,0.448056917142488,0.25459109110564515
1.3,14,6.817130195790445,0.3034994875914044,0.22936567126450721
1.3,15,6.817130195790445,0.3087156729079754,0.37209705623553596
1.3,16,6.817130195790445,0.44368736167241024,0.2815604711087104
1.3,17,6.817130195790445,0.3361936196516043,0.2439684461261273
1.3,18,6.817130195790445,0.3209887618994498,0.4674845622387295
1.3,19,6.817130195790445,0.2944321101384649,0.38204796911971955
1.3,20,6.817130195790445,0.4094603735829949,0.21178855802046473
1.3,21,6.817130195790445,0.28749047374443665,0.32134960804554247
1.3,22,6.817130195790445,0.3130730957545899,0.1923738754676854
1.3,23,6.817130195790445,0.3331148131186807,0.2826964985769501
1.3,24,6.817130195790445,0.233893514311361,0.45083459852536834
1.3,25,6.817130195790445,0.35338819570442737,0.3003549526451728
1.3,26,6.817130195790445,0.3823777907047767,0.3287879774249972
1.3,27,6.817130195790445,0.15735765221546308,0.21325698961086803
1.3,28,6.817130195790445,0.40085727222372214,0.2534688445645953
1.3,29,6.817130195790445,0.404166043060771,0.17274251240540872
1.3,30,6.817130195790445,0.43388413731550335,0.21932272321651522
1.3,31,6.817130195790445,0.2563127370093703,0.5038712524150477
1.3,32,6.817130195790445,0.3604809773995527,0.40152561998126896
1.3,33,6.817130195790445,0.24272123966933157,0.536241146654471
1.3,34,6.817130195790445,0.23894692259749922,0.28553296038061915
1.3,35,6.817130195790445,0.3511332436998455,0.27460895329013396
1.3,36,6.817130195790445,0.22941624957374532,0.44193195038577726
1.3,37,6.817130195790445,0.36902539848289334,0.3678105329123107
1.3,38,6.817130195790445,0.40156757966718015,0.28471307128097745
1.3,39,6.817130195790445,0.3906544729001635,0.29301847274271786
1.3,40,6.817130195790445,0.22457834528283732,0.24999139158854305
1.3,41,6.817130195790445,0.3782582817261278,0.535535004930439
1.3,42,6.817130195790445,0.3706938049850792,0.3223646074963551
1.3,43,6.817130195790445,0.5756104629685036,0.3543738298596947
1.3,44,6.817130195790445,0.2503719182025203,0.15838539353647438
1.3,45,6.817130195790445,0.3258400647748313,0.22687083149161522
1.3,46,6.817130195790445,0.39870607635387,0.3342914185247016
1.3,47,6.817130195790445,0.3306535973210115,0.23922171163538025
1.3,48,6.817130195790445,0.45210616565912537,0.31261371220719397
1.3,49,6.817130195790445,0.3367800833378164,0.5268475064218191
1.3,50,6.817130195790445,0.4179609862965325,0.21892810239610422
1.3,51,6.817130195790445,0.33925214380633184,0.3375971411176578
1.3,52,6.817130195790445,0.2731742010786705,0.34993873188941277
1.3,53,6.817130195790445,0.14840947928288692,0.3611979230564256
1.3,54,6.817130195790445,0.2840463495196705,0.4905083668512323
1.3,55,6.817130195790445,0.2749511056978079,0.2928320563118348
1.3,56,6.817130195790445,0.37463887464006657,0.28159104248105254
1.3,57,6.817130195790445,0.5155118708576135,0.4252886446157898
1.3,58,6.817130195790445,0.32873309660175104,0.3533529523467838
1.3,59,6.817130195790445,0.25861236901895396,0.25499532240627465
1.3,60,6.817130195790445,0.3094399616432575,0.2916103031936482
1.3,61,6.817130195790445,0.4244984386061413,0.4345077148556347
1.3,62,6.817130195790445,0.5104414083003176,0.5040453672859939
1.3,63,6.817130195790445,0.1865313747592615,0.430956335258223
1.4,0,6.330192324662557,0.4963436419389199,0.4250493991534453
1.4,1,6.330192324662557,0.25254024930790414,0.2933688331594031
1.4,2,6.330192324662557,0.4904703369478349,0.5298467676026366
1.4,3,6.330192324662557,0.44608873068425,0.4677844594892254
1.4,4,6.330192324662557,0.556249878871254,0.1974759242386287
1.4,5,6.330192324662557,0.18517479547970228,0.23080615104228344
1.4,6,6.330192324662557,0.3331044385077492,0.36410741478228037
1.4,7,6.330192324662557,0.3184514271705674,0.21969310770940317
1.4,8,6.330192324662557,0.2755358887715697,0.3571689233613752
1.4,9,6.330192324662557,0.2792574872212065,0.15259605934936699
1.4,10,6.330192324662557,0.23072691165725362,0.40399079938286886
1.4,11,6.330192324662557,0.3277139108657585,0.6795178244350477
1.4,12,6.330192324662557,0.461052533316482,0.5808482792114118
1.4,13,6.330192324662557,0.22456580479346339,0.2247343913962961
1.4,14,6.330192324662557,0.26643715528369055,0.2104553613205054
1.4,15,6.330192324662557,0.16216735254127043,0.24013265427706906
1.4,16,6.330192324662557,0.514755124989027,0.2147703476824707
1.4,17,6.330192324662557,0.2837585686031161,0.6026214283823028
1.4,18,6.330192324662557,0.23469619769977676,0.42832207869538913
1.4,19,6.330192324662557,0.12812388279970566,0.15456895708638738
1.4,20,6.330192324662557,0.36138565260810135,0.19589866993190314
1.4,21,6.330192324662557,0.320706142076718,0.24333980867304897
1.4,22,6.330192324662557,0.5092424905872688,0.20318180712296768
1.4,23,6.330192324662557,0.28136330743435983,0.474023379961015
1.4,24,6.330192324662557,0.3053183901629755,0.20274954040196208
1.4,25,6.330192324662557,0.38069840498368823,0.4863874056753751
1.4,26,6.330192324662557,0.21851991857849914,0.20462825749229757
1.4,27,6.330192324662557,0.27966743708950187,0.3873768285007086
1.4,28,6.330192324662557,0.34782547205881953,0.25618368028476207
1.4,29,6.330192324662557,0.2851000872896531,0.37028639642742905
1.4,30,6.330192324662557,0.4465639347421301,0.3824582648795846
1.4,31,6.330192324662557,0.22164587748381914,0.18386670313081208
1.4,32,6.330192324662557,0.3419276951116368,0.4740221170091254
1.4,33,6.330192324662557,0.3172278264863814,0.540927206420982
1.4,34,6.330192324662557,0.6666469510011702,0.25912889814699946
1.4,35,6.330192324662557,0.2191420188305754,0.21434569740610593
1.4,36,6.330192324662557,0.2046297886304915,0.5111669277754216
1.4,37,6.330192324662557,0.35928584009198233,0.2933331579774828
1.4,38,6.330192324662557,0.2959179003921339,0.43763750656618766
1.4,39,6.330192324662557,0.23718657314012087,0.4740559159545055
1.4,40,6.330192324662557,0.28829552357724053,0.25946959918993706
1.4,41,6.330192324662557,0.1863236972165172,0.16328431922405476
1.4,42,6.330192324662557,0.25799223111040875,0.19520356850978082
1.4,43,6.330192324662557,0.32660139406592675,0.2782508666962252
1.4,44,6.330192324662557,0.25047229039793006,0.14571624326550917
1.4,45,6.330192324662557,0.5493324536571323,0.42041995596731013
1.4,46,6.330192324662557,0.2527704725497627,0.1991700650021924
1.4,47,6.330192324662557,0.2945025927576392,0.2407907216905458
1.4,48,6.330192324662557,0.19368506873347333,0.23481039036879164
1.4,49,6.330192324662557,0.16276891660428863,0.22292491385202176
1.4,50,6.330192324662557,0.45541368048425585,0.24700084659610974
1.4,51,6.330192324662557,0.16683316489860256,0.4554343471404336
1.4,52,6.330192324662557,0.32213991526877916,0.22240789510923234
1.4,53,6.330192324662557,0.29018508872992715,0.20976097217377437
1.4,54,6.330192324662557,0.2785935815674624,0.3203212891931581
1.4,55,6.330192324662557,0.5324458019133245,0.2349399054013707
1.4,56,6.330192324662557,0.3990620466038957,0.2226068344243011
1.4,57,6.330192324662557,0.6272216930902407,0.580439958682953
1.4,58,6.330192324662557,0.18970460093299257,0.3593982363654829
1.4,59,6.330192324662557,0.3098074600104468,0.2021159357618912
1.4,60,6.330192324662557,0.39486262980810816,0.29367485914231417
1.4,61,6.330192324662557,0.24783236544437273,0.20465665748044357
1.4,62,6.330192324662557,0.4730897913720879,0.3009737926245907
1.4,63,6.330192324662557,0.2812815614646774,0.3843516811911051
1.5,0,5.908179503018386,0.22337788768465952,0.25692004498888354
1.5,1,5.908179503018386,0.20387283340095297,0.3111314509179758
1.5,2,5.908179503018386,0.33778753424086333,0.3667708351373622
1.5,3,5.908179503018386,0.26372946075582815,0.34901283739384165
1.5,4,5.908179503018386,0.1410229890877598,0.20957003184375225
1.5,5,5.908179503018386,0.3258062449976667,0.3685673099551325
1.5,6,5.908179503018386,0.25499344118508255,0.21699426768167115
1.5,7,5.908179503018386,0.35039636626018617,0.25226624649165347
1.5,8,5.908179503018386,0.3843377646615252,0.227140613224057
1.5,9,5.908179503018386,0.3485319203716329,0.25790984929738187
1.5,10,5.908179503018386,0.3058789063956604,0.3580742647631506
1.5,11,5.908179503018386,0.15558456437485937,0.2922792462785047
1.5,12,5.908179503018386,0.2411821628182821,0.2241463749042556
1.5,13,5.908179503018386,0.20188069060207414,0.18529986003628926
1.5,14,5.908179503018386,0.2145789841967186,0.18751062430591284
1.5,15,5.908179503018386,0.19405841290778847,0.2534578815416311
1.5,16,5.908179503018386,0.2653219959917676,0.4180177308493569
1.5,17,5.908179503018386,0.21208626527282978,0.32639057365555924
1.5,18,5.908179503018386,0.22756611375306424,0.25276328077896065
1.5,19,5.908179503018386,0.2113182301811687,0.3998115057725545
1.5,20,5.908179503018386,0.2329495968057882,0.29661784253017737
1.5,21,5.908179503018386,0.2409954626557301,0.16136016507060416
1.5,22,5.908179503018386,0.2111381619827747,0.30913452358442034
1.5,23,5.908179503018386,0.2908327343182786,0.4065710755468241
1.5,24,5.908179503018386,0.21656887838723674,0.14644641657264815
1.5,25,5.908179503018386,0.2883796510187173,0.2190283690671118
1.5,26,5.908179503018386,0.285301337422247,0.3105872920076254
1.5,27,5.908179503018386,0.19307719579001237,0.15762382623398363
1.5,28,5.908179503018386,0.18578951587098871,0.27754372137873345
1.5,29,5.908179503018386,0.19497756808532243,0.4424257731958298
1.5,30,5.908179503018386,0.17894999919977408,0.22532887226977208
1.5,31,5.908179503018386,0.13833843697366485,0.22419422745243786
1.5,32,5.908179503018386,0.16548911689149468,0.4604730440210383
1.5,33,5.908179503018386,0.5526294414061708,0.24945087459906015
1.5,34,5.908179503018386,0.6341355416049151,0.30538753455798473
1.5,35,5.908179503018386,0.250951154421015,0.31253614920861456
1.5,36,5.908179503018386,0.322811535193372,0.2642408822974618
1.5,37,5.908179503018386,0.3089021794380253,0.2666890074872407
1.5,38,5.908179503018386,0.21327016973139565,0.192983525935814
1.5,39,5.908179503018386,0.28043544107647406,0.3247235503318909
1.5,40,5.908179503018386,0.23266471220967802,0.18876937652829942
1.5,41,5.908179503018386,0.308486207306329,0.3333200349928537
1.5,42,5.908179503018386,0.22814918925275127,0.24299484274046057
1.5,43,5.908179503018386,0.3077326606237433,0.24617292477912192
1.5,44,5.908179503018386,0.45060379666086514,0.28494390479791415
1.5,45,5.908179503018386,0.3480418138641174,0.32188098642925816
1.5,46,5.908179503018386,0.2802744696328198,0.2011640848720703
1.5,47,5.908179503018386,0.5191782581261105,0.2474362634708965
1.5,48,5.908179503018386,0.2838078712405887,0.16783103340780406
1.5,49,5.908179503018386,0.2333622319830023,0.1566887382879749
1.5,50,5.908179503018386,0.3164725522476987,0.1748411850904629
1.5,51,5.908179503018386,0.3424780764072779,0.1598678200987217
1.5,52,5.908179503018386,0.279671863478557,0.2812102403559577
1.5,53,5.908179503018386,0.3878180947525481,0.39241246247421246
1.5,54,5.908179503018386,0.23075391493861797,0.33563120821610465
1.5,55,5.908179503018386,0.15638048982795655,0.22401213637007344
1.5,56,5.908179503018386,0.22454854109324085,0.44238102613851477
1.5,57,5.908179503018386,0.2169451141420109,0.34566024055595657
1.5,58,5.908179503018386,0.44662532622837786,0.27272186961714934
1.5,59,5.908179503018386,0.24958434563898427,0.4838977660024868
1.5,60,5.908179503018386,0.34120415650419894,0.38834879482487245
1.5,61,5.908179503018386,0.2485893618038915,0.27422854689414394
1.5,62,5.908179503018386,0.18642791172221881,0.4715741603016248
1.5,63,5.908179503018386,0.20857386930884284,0.2384876924610713
1.6,0,5.538918284079736,0.2316488556049003,0.2806224999026279
1.6,1,5.538918284079736,0.394449856461911,0.3194678037412532
1.6,2,5.538918284079736,0.344511852334224,0.27839538049847246
1.6,3,5.538918284079736,0.27805230791175833,0.3524211437074466
1.6,4,5.538918284079736,0.2944948319429912,0.2516393274275706
1.6,5,5.538918284079736,0.23387083564916153,0.2979261170607431
1.6,6,5.538918284079736,0.2670838230597221,0.46764207794135354
1.6,7,5.538918284079736,0.33412103313313574,0.31372067170864715
1.6,8,5.538918284079736,0.398102179590964,0.23692053193972037
1.6,9,5.538918284079736,0.2728044685640475,0.17042742073762085
1.6,10,5.538918284079736,0.1850713147478321,0.6188062491767612
1.6,11,5.538918284079736,0.2702389869452245,0.2019002764629426
1.6,12,5.538918284079736,0.27020780501379527,0.2671223689067456
1.6,13,5.538918284079736,0.2599076381016164,0.33874266464666686
1.6,14,5.538918284079736,0.21084384107774068,0.16287265656542307
1.6,15,5.538918284079736,0.16405957722438164,0.4230697999011186
1.6,16,5.538918284079736,0.2654710937084982,0.28154406270052734
1.6,17,5.538918284079736,0.4328443749095279,0.2904271772677028
1.6,18,5.538918284079736,0.2712106950278641,0.19974881089210894
1.6,19,5.538918284079736,0.38293311455975904,0.2872048265482623
1.6,20,5.538918284079736,0.19852821450805236,0.30295809305821464
1.6,21,5.538918284079736,0.5188687592372042,0.48678978311087706
1.6,22,5.538918284079736,0.40613153784291145,0.28272627197565364
1.6,23,5.538918284079736,0.27371377122086293,0.3125666889600458
1.6,24,5.538918284079736,0.21554707518806565,0.39848403634235763
1.6,25,5.538918284079736,0.19039936172895183,0.38282366361604686
1.6,26,5.538918284079736,0.2324674574896296,0.32633543176067054
1.6,27,5.538918284079736,0.32629600668462433,0.3096804676870009
1.6,28,5.538918284079736,0.18995722567098935,0.2780288146923072
1.6,29,5.538918284079736,0.2369038000447833,0.3227162631892198
1.6,30,5.538918284079736,0.30569616387964665,0.37933668617069843
1.6,31,5.538918284079736,0.29635229232631444,0.3071066764821359
1.6,32,5.538918284079736,0.19682812236562408,0.1705456137135808
1.6,33,5.538918284079736,0.17308274959916978,0.3553461200140648
1.6,34,5.538918284079736,0.19276430876325654,0.17036610105085156
1.6,35,5.538918284079736,0.3517336004990043,0.303642468532068
1.6,36,5.538918284079736,0.23534364303267558,0.16802539731627536
1.6,37,5.538918284079736,0.267157925826169,0.23418061793387418
1.6,38,5.538918284079736,0.20322933629941003,0.2187331461942424
1.6,39,5.538918284079736,0.21479878794620383,0.3678684311426836
1.6,40,5.538918284079736,0.4222544746313751,0.34540025727693546
1.6,41,5.538918284079736,0.3558511315103982,0.22766903666569016
1.6,42,5.538918284079736,0.3237835438199561,0.23209673096620814
1.6,43,5.538918284079736,0.16870315766803826,0.2129213962457688
1.6,44,5.538918284079736,0.2039581799069432,0.25460629388273404
1.6,45,5.538918284079736,0.29903257761065477,0.23421844886253532
1.6,46,5.538918284079736,0.5979941865674163,0.19416561549077857
1.6,47,5.538918284079736,0.32118485278263426,0.22224063999178373
1.6,48,5.538918284079736,0.29104224571348825,0.18240906950250033
1.6,49,5.538918284079736,0.2550644416881218,0.2532619282249201
1.6,50,5.538918284079736,0.18199072879224995,0.16512658716565687
1.6,51,5.538918284079736,0.15367637704754059,0.35533432409693516
1.6,52,5.538918284079736,0.45101445797951706,0.17309232305714725
1.6,53,5.538918284079736,0.22961522676444043,0.3273964917176243
1.6,54,5.538918284079736,0.30200633179609376,0.22315417291421294
1.6,55,5.538918284079736,0.43892685510211293,0.22156983789632384
1.6,56,5.538918284079736,0.30119261299794853,0.23734254445625438
1.6,57,5.538918284079736,0.3185058568370061,0.18701632975893798
1.6,58,5.538918284079736,0.39841358810728533,0.16703429830430327
1.6,59,5.538918284079736,0.2272921854450687,0.22970868308896822
1.6,60,5.538918284079736,0.38983125891559184,0.36252515568374405
1.6,61,5.538918284079736,0.17799431839643295,0.1996547693543628
1.6,62,5.538918284079736,0.39087983836859724,0.29292595684137374
1.6,63,5.538918284079736,0.3444197618695081,0.27805934893920603
1.7,0,5.213099561486811,0.3940249761700959,0.31658521453029886
1.7,1,5.213099561486811,0.17950741010857546,0.1856589121218766
1.7,2,5.213099561486811,0.2470551670260261,0.30403681007868943
1.7,3,5.213099561486811,0.25998761921422725,0.24272970800821073
1.7,4,5.213099561486811,0.19882828184351573,0.18593388470351963
1.7,5,5.213099561486811,0.17014392339465556,0.22143211031917862
1.7,6,5.213099561486811,0.39140590858553614,0.25142997642204773
1.7,7,5.213099561486811,0.2709394344983529,0.1869730946785754
1.7,8,5.213099561486811,0.3426076053203844,0.37621684139136474
1.7,9,5.213099561486811,0.19190866820604605,0.21234820332976784
1.7,10,5.213099561486811,0.33945494160156947,0.13221341050405155
1.7,11,5.213099561486811,0.15158712733122076,0.22131803461954574
1.7,12,5.213099561486811,0.1452203452469242,0.25844821401634827
1.7,13,5.213099561486811,0.3289957929057719,0.27253731100543727
1.7,14,5.213099561486811,0.16947986960590242,0.24562769644364008
1.7,15,5.213099561486811,0.2215669556064239,0.33610873034196254
1.7,16,5.213099561486811,0.25043318758421423,0.31959104348627887
1.7,17,5.213099561486811,0.16663298049938716,0.23678837660733817
1.7,18,5.213099561486811,0.4062364863551833,0.20360737576525417
1.7,19,5.213099561486811,0.12708589248480537,0.30707738691791986
1.7,20,5.213099561486811,0.15545670193539127,0.22806259074940452
1.7,21,5.213099561486811,0.3903597397846739,0.2772407293811937
1.7,22,5.213099561486811,0.3889798257782144,0.16412310460416998
1.7,23,5.213099561486811,0.3070580623305338,0.17926923257552083
1.7,24,5.213099561486811,0.2036637994024719,0.29198904746441834
1.7,25,5.213099561486811,0.22791117516135476,0.3444752304469677
1.7,26,5.213099561486811,0.17086342255462944,0.3208744478701697
1.7,27,5.213099561486811,0.286690964550427,0.20660133298562064
1.7,28,5.213099561486811,0.34796443483775275,0.37556141570385376
1.7,29,5.213099561486811,0.3604019310633543,0.2700966168509151
1.7,30,5.213099561486811,0.18273926358348308,0.20374481980359774
1.7,31,5.213099561486811,0.24160839522276062,0.1720595590900078
1.7,32,5.213099561486811,0.3319312159714782,0.22825324651560572
1.7,33,5.213099561486811,0.17470784015033494,0.17051734294229218
1.7,34,5.213099561486811,0.2832667912369065,0.23118840157920717
1.7,35,5.213099561486811,0.2559194862180479,0.24156923329553745
1.7,36,5.213099561486811,0.49344277332601477,0.25951607951994443
1.7,37,5.213099561486811,0.35934480501456334,0.4338539765165223
1.7,38,5.213099561486811,0.23474997813725074,0.3904008625065931
1.7,39,5.213099561486811,0.25485360534628104,0.1632098543235908
1.7,40,5.213099561486811,0.407389399462642,0.29861605265761687
1.7,41,5.213099561486811,0.20462104851171792,0.23093015502587363
1.7,42,5.213099561486811,0.1744689525988021,0.1954614655967518
1.7,43,5.213099561486811,0.19729745169349705,0.24074933946437346
1.7,44,5.213099561486811,0.18967431278599745,0.22271784899064884
1.7,45,5.213099561486811,0.23758353776508367,0.14952568163393548
1.7,46,5.213099561486811,0.3324957056346183,0.3089568289252992
1.7,47,5.213099561486811,0.20430823370252732,0.2088347885708974
1.7,48,5.213099561486811,0.3405586017112391,0.3817857782872767
1.7,49,5.213099561486811,0.19552426787864344,0.18980936509139332
1.7,50,5.213099561486811,0.40544311954784534,0.18695484686590094
1.7,51,5.213099561486811,0.3298972309318204,0.2229595725662916
1.7,52,5.213099561486811,0.23919446820017914,0.22131317441335296
1.7,53,5.213099561486811,0.30941784179701176,0.31389269779320533
1.7,54,5.213099561486811,0.21808377407432858,0.26990860009772766
1.7,55,5.213099561486811,0.29632164557270213,0.17656265664249485
1.7,56,5.213099561486811,0.3903682376553433,0.21191976690277126
1.7,57,5.213099561486811,0.13731751827645997,0.17558646466730685
1.7,58,5.213099561486811,0.32071091157041615,0.20502183330852553
1.7,59,5.213099561486811,0.3509070586797301,0.4516942433017364
1.7,60,5.213099561486811,0.22332759895249424,0.13841026672311024
1.7,61,5.213099561486811,0.25562434137375467,0.15105087851895244
1.7,62,5.213099561486811,0.27490116124643066,0.2248975273641627
1.7,63,5.213099561486811,0.190754677957749,0.2797589273155097
1.8,0,4.923482919181988,0.29457666146793887,0.3872896370474397
1.8,1,4.923482919181988,0.1791031532279467,0.25826438093414295
1.8,2,4.923482919181988,0.24447929437402205,0.33656060251384556
1.8,3,4.923482919181988,0.2677410273478704,0.1899206692467083
1.8,4,4.923482919181988,0.28065548909740384,0.12616368962039537
1.8,5,4.923482919181988,0.1737836763326536,0.3146068329657696
1.8,6,4.923482919181988,0.3176379028396034,0.34816866888917836
1.8,7,4.923482919181988,0.1867673696167893,0.24717064587681228
1.8,8,4.923482919181988,0.3402179963979049,0.4128180367881731
1.8,9,4.923482919181988,0.23278076292599004,0.3724917425080633
1.8,10,4.923482919181988,0.38377528585148385,0.3542149966213068
1.8,11,4.923482919181988,0.3225080797964625,0.2899795626962334
1.8,12,4.923482919181988,0.19254586990916614,0.19529635621655464
1.8,13,4.923482919181988,0.22668826286916674,0.20329006677510136
1.8,14,4.923482919181988,0.20101243594800827,0.3324983288129089
1.8,15,4.923482919181988,0.32966996332544124,0.31681880384782296
1.8,16,4.923482919181988,0.251974337722015,0.4326383019091678
1.8,17,4.923482919181988,0.3275234285135788,0.3837546124676656
1.8,18,4.923482919181988,0.24695795006205976,0.20125541750264703
1.8,19,4.923482919181988,0.34555748977188716,0.28191061245063004
1.8,20,4.923482919181988,0.41971932971701875,0.32202565726004956
1.8,21,4.923482919181988,0.21663311864928023,0.23746513757936002
1.8,22,4.923482919181988,0.2922419022278781,0.34538475994917156
1.8,23,4.923482919181988,0.16484833577257088,0.16718724570287224
1.8,24,4.923482919181988,0.2257637441942072,0.20516410197836984
1.8,25,4.923482919181988,0.27930481027587795,0.18432312049782734
1.8,26,4.923482919181988,0.2744753976421817,0.2063201946471206
1.8,27,4.923482919181988,0.3007303008396874,0.30435322657940234
1.8,28,4.923482919181988,0.2135604150410726,0.20770414533698817
1.8,29,4.923482919181988,0.2909586699802265,0.2209480539361643
1.8,30,4.923482919181988,0.40971848083672113,0.2799749353682763
1.8,31,4.923482919181988,0.1965766964564699,0.5080927898775615
1.8,32,4.923482919181988,0.20886549358987272,0.3031771386586184
1.8,33,4.923482919181988,0.14117835566092626,0.2860870084078973
1.8,34,4.923482919181988,0.3806662125561172,0.23379860951964587
1.8,35,4.923482919181988,0.41538068990749355,0.22964334046192117
1.8,36,4.923482919181988,0.17922010520501044,0.29961095184326264
1.8,37,4.923482919181988,0.2648954117698787,0.12620272976600663
1.8,38,4.923482919181988,0.20827051381598105,0.17910719524889035
1.8,39,4.923482919181988,0.27020865871764455,0.17593127712606374
1.8,40,4.923482919181988,0.3677479732583813,0.2564836253958847
1.8,41,4.923482919181988,0.2023405992497769,0.18927562130557557
1.8,42,4.923482919181988,0.1337620150347684,0.3981164089039365
1.8,43,4.923482919181988,0.22266946510658603,0.25887375525245493
1.8,44,4.923482919181988,0.18366292145808896,0.2516967664431019
1.8,45,4.923482919181988,0.25618892164293905,0.25270538446160334
1.8,46,4.923482919181988,0.13240209539717862,0.17984006473893518
1.8,47,4.923482919181988,0.46869948405798517,0.20244429634421718
1.8,48,4.923482919181988,0.20140519405529705,0.3391630726470433
1.8,49,4.923482919181988,0.3625007157082489,0.43369691384089026
1.8,50,4.923482919181988,0.17550924933750178,0.1813564855932126
1.8,51,4.923482919181988,0.252797824816456,0.3205778215656069
1.8,52,4.923482919181988,0.2424847638412959,0.37751969750644815
1.8,53,4.923482919181988,0.27917244980144573,0.2534290708545145
1.8,54,4.923482919181988,0.3687117976183442,0.1961437933541737
1.8,55,4.923482919181988,0.2677383379088482,0.364416273201658
1.8,56,4.923482919181988,0.20428089570934732,0.15461470265582408
1.8,57,4.923482919181988,0.24250282759708536,0.3963993127657048
1.8,58,4.923482919181988,0.1566102650123935,0.23744989816134915
1.8,59,4.923482919181988,0.4212549486628974,0.16354416869506602
1.8,60,4.923482919181988,0.310337047199132,0.46571552894104107
1.8,61,4.923482919181988,0.29340663074068823,0.20308039570251674
1.8,62,4.923482919181988,0.12688933928277163,0.2905322696352254
1.8,63,4.923482919181988,0.15058823785654016,0.16277288415132757
1.9,0,4.664352239225042,0.19310916739869236,0.281410749708285
1.9,1,4.664352239225042,0.35254218324820763,0.39212071849858954
1.9,2,4.664352239225042,0.21937380048612035,0.24661593936239604
1.9,3,4.664352239225042,0.21037437822336183,0.23415398181075503
1.9,4,4.664352239225042,0.11823306194445982,0.3618192363786386
1.9,5,4.664352239225042,0.16253382450047557,0.20818764838013715
1.9,6,4.664352239225042,0.4076333348223967,0.2805131238491801
1.9,7,4.664352239225042,0.28595356584798615,0.30597971570229404
1.9,8,4.664352239225042,0.12213875167131782,0.1388828726394741
1.9,9,4.664352239225042,0.2729510746372239,0.23410733589845456
1.9,10,4.664352239225042,0.36256301326223234,0.24236919921468167
1.9,11,4.664352239225042,0.17234140317720412,0.2205942694432978
1.9,12,4.664352239225042,0.20067984575394163,0.23899177500905905
1.9,13,4.664352239225042,0.27473770103160083,0.22499219351848113
1.9,14,4.664352239225042,0.24234661451215714,0.15076656654074425
1.9,15,4.664352239225042,0.1465715753031983,0.1881318166564392
1.9,16,4.664352239225042,0.29945689710868895,0.2732872787634276
1.9,17,4.664352239225042,0.34925189086105785,0.2904775736835846
1.9,18,4.664352239225042,0.17002883523780216,0.1769425682090496
1.9,19,4.664352239225042,0.24911059284791567,0.393828144383112
1.9,20,4.664352239225042,0.22094943674363254,0.3483595705368073
1.9,21,4.664352239225042,0.25077438510673555,0.21818410460338478
1.9,22,4.664352239225042,0.32972468023129486,0.1672455493194822
1.9,23,4.664352239225042,0.24069955759298825,0.24769253196840724
1.9,24,4.664352239225042,0.2226135546343684,0.25025460745593103
1.9,25,4.664352239225042,0.16342243899764483,0.19521175944988228
1.9,26,4.664352239225042,0.23617201060616208,0.21615169158607186
1.9,27,4.664352239225042,0.21729887360333403,0.23604148339461214
1.9,28,4.664352239225042,0.12563053468952998,0.19020654070105733
1.9,29,4.664352239225042,0.2640885366975679,0.25938140566382734
1.9,30,4.664352239225042,0.27714095031655744,0.1683593010073788
1.9,31,4.664352239225042,0.1917026351114847,0.22140039420922053
1.9,32,4.664352239225042,0.26439752485274987,0.32420303907821785
1.9,33,4.664352239225042,0.27486042938870325,0.21617258798516947
1.9,34,4.664352239225042,0.22924772648576539,0.3271895923767394
1.9,35,4.664352239225042,0.29081738220983794,0.20908815103286035
1.9,36,4.664352239225042,0.23786272425803887,0.15394753484387091
1.9,37,4.664352239225042,0.15219606910599653,0.33560046259347137
1.9,38,4.664352239225042,0.39731872532822704,0.22499600773941286
1.9,39,4.664352239225042,0.2993552848250419,0.2714861326339521
1.9,40,4.664352239225042,0.18031518744389213,0.2370024164231765
1.9,41,4.664352239225042,0.19169362781090546,0.23412850451724065
1.9,42,4.664352239225042,0.17185460091693172,0.20612908442738462
1.9,43,4.664352239225042,0.17005211657149719,0.14267862736676862
1.9,44,4.664352239225042,0.1821290318719889,0.19694011881597642
1.9,45,4.664352239225042,0.3097586378145865,0.20410618729923558
1.9,46,4.664352239225042,0.22343568757921206,0.20378036287229767
1.9,47,4.664352239225042,0.2848612794828822,0.2681771437575178
1.9,48,4.664352239225042,0.36354028882307543,0.1402691056295193
1.9,49,4.664352239225042,0.30094281257395566,0.18763853952115572
1.9,50,4.664352239225042,0.22496994352963517,0.25361469311701096
1.9,51,4.664352239225042,0.38897051095262053,0.2027857614487461
1.9,52,4.664352239225042,0.19566044925536943,0.4288160445828043
1.9,53,4.664352239225042,0.27203933916850426,0.23531122282048908
1.9,54,4.664352239225042,0.30912315675116564,0.1612692598974255
1.9,55,4.664352239225042,0.37218622516717875,0.27480353223009674
1.9,56,4.664352239225042,0.2194833902199185,0.16998249513171323
1.9,57,4.664352239225042,0.17010463657464894,0.1642079560694323
1.9,58,4.664352239225042,0.22028263636636303,0.17295366881133115
1.9,59,4.664352239225042,0.2796582638157821,0.2853371860515141
1.9,60,4.664352239225042,0.1732001710266933,0.22494540043855257
1.9,61,4.664352239225042,0.4621376569549644,0.31177118494283884
1.9,62,4.664352239225042,0.1614178614268567,0.212399894753524
1.9,63,4.664352239225042,0.27886951616147776,0.2447636116712372
2.0,0,4.4311346272637895,0.13394904581264813,0.20896807017156657
2.0,1,4.4311346272637895,0.18543106159974876,0.2899685960359971
2.0,2,4.4311346272637895,0.3369504808021946,0.21371749392809825
2.0,3,4.4311346272637895,0.2412314924363354,0.2600451395808083
2.0,4,4.4311346272637895,0.4134130468068815,0.18475557480132448
2.0,5,4.4311346272637895,0.2422110054951513,0.229743207992533
2.0,6,4.4311346272637895,0.15446017218536304,0.28802635898932794
2.0,7,4.4311346272637895,0.335631747141352,0.18441503493937023
2.0,8,4.4311346272637895,0.4123681774037609,0.23163160103828895
2.0,9,4.4311346272637895,0.2880538347269452,0.2546554562254154
2.0,10,4.4311346272637895,0.32020999187501165,0.2610052020142669
2.0,11,4.4311346272637895,0.18206892298695526,0.16137563873398636
2.0,12,4.4311346272637895,0.20557984083552563,0.20417152384756398
2.0,13,4.4311346272637895,0.4390571401977915,0.293948833209058
2.0,14,4.4311346272637895,0.2030113648390047,0.21371164777395782
2.0,15,4.4311346272637895,0.37811672800352314,0.23750054024840964
2.0,16,4.4311346272637895,0.1755074812857222,0.1632750601298963
2.0,17,4.4311346272637895,0.1901565999680136,0.266678245643387
2.0,18,4.4311346272637895,0.13322437933362186,0.26758568071145794
2.0,19,4.4311346272637895,0.14396717914631008,0.21369338376427838
2.0,20,4.4311346272637895,0.1892292641188869,0.15692113787545203
2.0,21,4.4311346272637895,0.45597741840503525,0.19188131328141245
2.0,22,4.4311346272637895,0.36928864115406124,0.21736767166385967
2.0,23,4.4311346272637895,0.16666053225288305,0.2707027686445026
2.0,24,4.4311346272637895,0.4923765757073565,0.18824077836523162
2.0,25,4.4311346272637895,0.15285684880483336,0.23189957233483988
2.0,26,4.4311346272637895,0.17324595593490183,0.37526553019992753
2.0,27,4.4311346272637895,0.15304014305727498,0.3453362917232916
2.0,28,4.4311346272637895,0.439052901469554,0.16891236384585848
2.0,29,4.4311346272637895,0.1629896690608525,0.21596554798194917
2.0,30,4.4311346272637895,0.21878574439217918,0.25788557303464954
2.0,31,4.4311346272637895,0.3185831985537594,0.19377984397333353
2.0,32,4.4311346272637895,0.17389619584266042,0.1985025438951017
2.0,33,4.4311346272637895,0.12588208759422215,0.1948337562999023
2.0,34,4.4311346272637895,0.30224191627807273,0.25692404785213535
2.0,35,4.4311346272637895,0.2624375446221331,0.14325011547693167
2.0,36,4.4311346272637895,0.2224402943965722,0.30785954821341055
2.0,37,4.4311346272637895,0.2062776096320061,0.17197865077385172
2.0,38,4.4311346272637895,0.31883889764509094,0.14323065201263374
2.0,39,4.4311346272637895,0.3202382922272714,0.3741436309959349
2.0,40,4.4311346272637895,0.14874498111690632,0.3747508461896425
2.0,41,4.4311346272637895,0.2628237902775834,0.28880132947039305
2.0,42,4.4311346272637895,0.27169745647053634,0.31210868281097814
2.0,43,4.4311346272637895,0.162729558023255,0.2995271978885045
2.0,44,4.4311346272637895,0.40256082506630725,0.26193533065071795
2.0,45,4.4311346272637895,0.12418716376918562,0.30739305491610325
2.0,46,4.4311346272637895,0.1631002151255576,0.23726848895141106
2.0,47,4.4311346272637895,0.38939519885308604,0.20514399015151796
2.0,48,4.4311346272637895,0.26053945224926034,0.22363577756654823
2.0,49,4.4311346272637895,0.4152518315670076,0.33180335730690413
2.0,50,4.4311346272637895,0.2388346116590707,0.30148894750906186
2.0,51,4.4311346272637895,0.12028841480040615,0.21651504588823534
2.0,52,4.4311346272637895,0.42236750012582247,0.31151358802582296
2.0,53,4.4311346272637895,0.2279266125476605,0.26102086794273516
2.0,54,4.4311346272637895,0.18503251416562297,0.2255076084720646
2.0,55,4.4311346272637895,0.19117288722779624,0.2565988137236631
2.0,56,4.4311346272637895,0.3482229724964676,0.2543684977890842
2.0,57,4.4311346272637895,0.2966976460607923,0.38320207752204793
2.0,58,4.4311346272637895,0.26218481274655114,0.14673024238954263
2.0,59,4.4311346272637895,0.2053266535726865,0.23049835613792108
2.0,60,4.4311346272637895,0.24103418483782973,0.24095072390263766
2.0,61,4.4311346272637895,0.2409747565580871,0.30371206001186096
2.0,62,4.4311346272637895,0.359305736327247,0.3524156234168433
2.0,63,4.4311346272637895,0.15610438797893741,0.22216061941254842
2.1,0,4.220128216441704,0.2518464958691478,0.14777343373587354
2.1,1,4.220128216441704,0.19556299282159306,0.19721655883078085
2.1,2,4.220128216441704,0.2117928645579067,0.165492178803068
2.1,3,4.220128216441704,0.26079989794470043,0.24824985641080483
2.1,4,4.220128216441704,0.2774978742162347,0.28226229249923773
2.1,5,4.220128216441704,0.2217612744521392,0.1906825502991627
2.1,6,4.220128216441704,0.2548487379644588,0.20958214374784526
2.1,7,4.220128216441704,0.15747715949172916,0.2035160163901849
2.1,8,4.220128216441704,0.21388829229996037,0.1473689507265063
2.1,9,4.220128216441704,0.21333502206931257,0.15141927949225492
2.1,10,4.220128216441704,0.17343537324365288,0.20187644246101913
2.1,11,4.220128216441704,0.19559283810922062,0.19775317094531533
2.1,12,4.220128216441704,0.21367010845710752,0.20354097936199755
2.1,13,4.220128216441704,0.248889775111835,0.31599281349379843
2.1,14,4.220128216441704,0.30631335461350573,0.43524062305837524
2.1,15,4.220128216441704,0.28754800393853763,0.3879454946294008
2.1,16,4.220128216441704,0.19552399321943498,0.20197433241733634
2.1,17,4.220128216441704,0.3333063065268304,0.3393480045400805
2.1,18,4.220128216441704,0.197219754738342,0.18150164108553693
2.1,19,4.220128216441704,0.11840911198247957,0.19315310488472323
2.1,20,4.220128216441704,0.21046633848875776,0.29956598050546024
2.1,21,4.220128216441704,0.17344218363621305,0.23600660949794097
2.1,22,4.220128216441704,0.2489509870717997,0.21184143604424818
2.1,23,4.220128216441704,0.1506206807414713,0.14374967250466253
2.1,24,4.220128216441704,0.33420986000704284,0.2788767078432302
2.1,25,4.220128216441704,0.25015750305700435,0.4714159334529145
2.1,26,4.220128216441704,0.24408628023709777,0.20394171541683076
2.1,27,4.220128216441704,0.41933348675045606,0.3037300409483584
2.1,28,4.220128216441704,0.2446503520319142,0.37083265283938655
2.1,29,4.220128216441704,0.22007854711116628,0.45296054293490096
2.1,30,4.220128216441704,0.19299865645765416,0.20348721024908825
2.1,31,4.220128216441704,0.17926531824097047,0.18439348577882322
2.1,32,4.220128216441704,0.22951062293514193,0.22946377534138832
2.1,33,4.220128216441704,0.26457836369699406,0.1517241126805865
2.1,34,4.220128216441704,0.34265860333222875,0.27500393473272433
2.1,35,4.220128216441704,0.24296254265221587,0.16666700606456136
2.1,36,4.220128216441704,0.16037586495645537,0.2708881266226274
2.1,37,4.220128216441704,0.37089270772869737,0.35632213835636767
2.1,38,4.220128216441704,0.22663928429435398,0.22393435906807024
2.1,39,4.220128216441704,0.21317805668323528,0.19299692633443058
2.1,40,4.220128216441704,0.2757199956870457,0.2721215561792961
2.1,41,4.220128216441704,0.21096775841635873,0.39850522866441546
2.1,42,4.220128216441704,0.14407940762378876,0.3543227251024124
2.1,43,4.220128216441704,0.25672969119876815,0.27494340988075694
2.1,44,4.220128216441704,0.2595817893911688,0.16020831740126937
2.1,45,4.220128216441704,0.2802301014192634,0.38002093423310296
2.1,46,4.220128216441704,0.1297539374117788,0.22948637127235996
2.1,47,4.220128216441704,0.16246552627937494,0.27362649997750144
2.1,48,4.220128216441704,0.44928668877984956,0.32894558846609157
2.1,49,4.220128216441704,0.19311517686016688,0.14837089151701813
2.1,50,4.220128216441704,0.45294722695205836,0.19881901650440342
2.1,51,4.220128216441704,0.17488088681300842,0.24860366671620793
2.1,52,4.220128216441704,0.22319010331698852,0.2150318659254997
2.1,53,4.220128216441704,0.20008723706010453,0.41475941311616804
2.1,54,4.220128216441704,0.14553560048222894,0.16899083054615652
2.1,55,4.220128216441704,0.30362524968256105,0.26788085650107085
2.1,56,4.220128216441704,0.3999077599005761,0.22948250195729383
2.1,57,4.220128216441704,0.20253621919604198,0.14331649256348183
2.1,58,4.220128216441704,0.28030525796349653,0.28025370588027126
2.1,59,4.220128216441704,0.3489558941252724,0.4181691062922035
2.1,60,4.220128216441704,0.31208955127204335,0.3680750462424431
2.1,61,4.220128216441704,0.13139046919700217,0.19555798178628334
2.1,62,4.220128216441704,0.2186618069408327,0.2763537413199533
2.1,63,4.220128216441704,0.1738640154045038,0.24495619452569653
2.2,0,4.028304206603445,0.23115937479934404,0.4458270709417799
2.2,1,4.028304206603445,0.32521656519595044,0.3220304793732811
2.2,2,4.028304206603445,0.1970569113251741,0.1979062361457976
2.2,3,4.028304206603445,0.2629148730688711,0.28082066465016775
2.2,4,4.028304206603445,0.24481071377417415,0.16309374334927623
2.2,5,4.028304206603445,0.2979866602862718,0.2337537951656505
2.2,6,4.028304206603445,0.31684892728448844,0.22984873248000903
2.2,7,4.028304206603445,0.24286104399137384,0.23730111326341344
2.2,8,4.028304206603445,0.2928187849897348,0.11557412281791843
2.2,9,4.028304206603445,0.22143834958662933,0.14361379668606708
2.2,10,4.028304206603445,0.30162717775752657,0.3139700618087089
2.2,11,4.028304206603445,0.1303197674413829,0.1907985764920919
2.2,12,4.028304206603445,0.18756840241466796,0.2469594690784909
2.2,13,4.028304206603445,0.17648700219443675,0.23727685308849522
2.2,14,4.028304206603445,0.19329067594341445,0.2352669729202913
2.2,15,4.028304206603445,0.18051066474072613,0.313961368409488
2.2,16,4.028304206603445,0.3880576656344987,0.301672119220492
2.2,17,4.028304206603445,0.2849121772371077,0.22891599639218888
2.2,18,4.028304206603445,0.18872425022444536,0.43237053474010445
2.2,19,4.028304206603445,0.17539969555829238,0.10206483799940791
2.2,20,4.028304206603445,0.19284392088725155,0.20030461119865237
2.2,21,4.028304206603445,0.17232000746214227,0.17230370630268654
2.2,22,4.028304206603445,0.21722224908374785,0.13014325665735405
2.2,23,4.028304206603445,0.13203569668023282,0.18720269056997937
2.2,24,4.028304206603445,0.1985447392451649,0.16785735430053975
2.2,25,4.028304206603445,0.2232166851831623,0.16368186665552933
2.2,26,4.028304206603445,0.3949762146009305,0.39899431527557716
2.2,27,4.028304206603445,0.1633528217659242,0.15504022131061998
2.2,28,4.028304206603445,0.13831568248921614,0.1941122831728271
2.2,29,4.028304206603445,0.3991036094049643,0.2682696209758346
2.2,30,4.028304206603445,0.2922958742093301,0.20392246526291477
2.2,31,4.028304206603445,0.2114576861418741,0.18624440414005258
2.2,32,4.028304206603445,0.20415828215032059,0.14229336062509992
2.2,33,4.028304206603445,0.23730659413995736,0.3016629182017726
2.2,34,4.028304206603445,0.14556817904044989,0.3173332571218311
2.2,35,4.028304206603445,0.158532164825025,0.2172800660943189
2.2,36,4.028304206603445,0.26141464356015115,0.2357311979328922
2.2,37,4.028304206603445,0.25768460466864407,0.19430308743472324
2.2,38,4.028304206603445,0.38357221564833976,0.25295246491578227
2.2,39,4.028304206603445,0.15678435989994882,0.279115159181606
2.2,40,4.028304206603445,0.233350693018798,0.1396670771898394
2.2,41,4.028304206603445,0.1775841991357576,0.23676452056556327
2.2,42,4.028304206603445,0.23730096013746502,0.24615436118583736
2.2,43,4.028304206603445,0.2695679306562377,0.2319642864176778
2.2,44,4.028304206603445,0.15630615177178758,0.3014971253761341
2.2,45,4.028304206603445,0.23685696434691003,0.25941222898740185
2.2,46,4.028304206603445,0.3539991722860894,0.24865776904734063
2.2,47,4.028304206603445,0.1474130672452096,0.1292642431460621
2.2,48,4.028304206603445,0.12753271996296225,0.18725162907716644
2.2,49,4.028304206603445,0.3342762427918784,0.21239450014054487
2.2,50,4.028304206603445,0.2470009485046552,0.34008689176548146
2.2,51,4.028304206603445,0.1989985713554683,0.1886421578433183
2.2,52,4.028304206603445,0.3834561567708522,0.13924995336824816
2.2,53,4.028304206603445,0.21862908241985443,0.23243848755017033
2.2,54,4.028304206603445,0.21388704996430755,0.3273477860146116
2.2,55,4.028304206603445,0.1773512662659583,0.1738144333400944
2.2,56,4.028304206603445,0.11974072382000243,0.3391851799897768
2.2,57,4.028304206603445,0.13420500883788417,0.2784892431393624
2.2,58,4.028304206603445,0.2360927903731135,0.24285260723618804
2.2,59,4.028304206603445,0.20292178534762317,0.21288454442336582
2.2,60,4.028304206603445,0.20905496882904168,0.24008207136113238
2.2,61,4.028304206603445,0.1891019986206723,0.2847336820786449
2.2,62,4.028304206603445,0.13332988332595522,0.17192043986787905
2.2,63,4.028304206603445,0.15403258709335235,0.17231358639670097
2.3,0,3.853160545446774,0.26374384958605596,0.14564924693429884
2.3,1,3.853160545446774,0.2758112503817145,0.3101984635312126
2.3,2,3.853160545446774,0.12761023444920308,0.22952968965372478
2.3,3,3.853160545446774,0.19205591432374258,0.22658415969207799
2.3,4,3.853160545446774,0.17557797132485617,0.22557923196103252
2.3,5,3.853160545446774,0.15835670290923362,0.19065746096892344
2.3,6,3.853160545446774,0.2440308687654206,0.18209491645833603
2.3,7,3.853160545446774,0.2320164295320979,0.4135724437170123
2.3,8,3.853160545446774,0.17852079936862636,0.16505743221511296
2.3,9,3.853160545446774,0.2683535276972051,0.2201734863278786
2.3,10,3.853160545446774,0.3381100692076799,0.30969806443372955
2.3,11,3.853160545446774,0.21410920558765445,0.18199607556234346
2.3,12,3.853160545446774,0.16878195990189013,0.39735520345782155
2.3,13,3.853160545446774,0.25593349348021893,0.17635556920858142
2.3,14,3.853160545446774,0.14158357798950874,0.17064435137606765
2.3,15,3.853160545446774,0.2301435935904579,0.14878271355018896
2.3,16,3.853160545446774,0.17389498587110655,0.19463479289209026
2.3,17,3.853160545446774,0.2677403577110893,0.2046923648930145
2.3,18,3.853160545446774,0.2208115268897945,0.21627145696589206
2.3,19,3.853160545446774,0.2649581202754961,0.1679565324989251
2.3,20,3.853160545446774,0.22188678036825552,0.22695707552336913
2.3,21,3.853160545446774,0.21419809040742546,0.2471047857162429
2.3,22,3.853160545446774,0.2729110528709281,0.16138252976858394
2.3,23,3.853160545446774,0.2095572405124043,0.1285976482836759
2.3,24,3.853160545446774,0.1590232187653661,0.15619690662276864
2.3,25,3.853160545446774,0.16613664795066044,0.26379256148548813
2.3,26,3.853160545446774,0.23055984330909995,0.261353347590136
2.3,27,3.853160545446774,0.14809705176320806,0.16829814739024143
2.3,28,3.853160545446774,0.14884047597537553,0.226977100139646
2.3,29,3.853160545446774,0.14659008627078096,0.13859920034234086
2.3,30,3.853160545446774,0.19269728925395627,0.1362281626519523
2.3,31,3.853160545446774,0.1837748729362456,0.15878810230625912
2.3,32,3.853160545446774,0.1447594493513015,0.16480402562289448
2.3,33,3.853160545446774,0.15005947856629454,0.1817766931553095
2.3,34,3.853160545446774,0.15659705376001076,0.11802790024529601
2.3,35,3.853160545446774,0.15445304511827904,0.20246744392588073
2.3,36,3.853160545446774,0.22286839698885855,0.14777212660440425
2.3,37,3.853160545446774,0.18566866849137356,0.30381455635172183
2.3,38,3.853160545446774,0.25740848847627823,0.12191487638059122
2.3,39,3.853160545446774,0.22698676660285438,0.3695560310112362
2.3,40,3.853160545446774,0.1990314709021588,0.22697679385009784
2.3,41,3.853160545446774,0.22167264086343702,0.1849682815023061
2.3,42,3.853160545446774,0.18156575145343248,0.15941204967047412
2.3,43,3.853160545446774,0.13494265946850564,0.1616287141128598
2.3,44,3.853160545446774,0.3386314509925973,0.22698950498462753
2.3,45,3.853160545446774,0.33861137695502996,0.29134318983000423
2.3,46,3.853160545446774,0.1932060524993691,0.12781876541975115
2.3,47,3.853160545446774,0.11581037619683042,0.1245393015486438
2.3,48,3.853160545446774,0.16635050293467984,0.1777567223469081
2.3,49,3.853160545446774,0.17834984524678835,0.19037690778265126
2.3,50,3.853160545446774,0.2778023785349258,0.17575931968331257
2.3,51,3.853160545446774,0.2497554597716014,0.24038398468143288
2.3,52,3.853160545446774,0.17540570884877985,0.22952160440515934
2.3,53,3.853160545446774,0.28854669783365444,0.17130625149059686
2.3,54,3.853160545446774,0.20473640810828292,0.19342315638524404
2.3,55,3.853160545446774,0.2270739520440855,0.14998122649853143
2.3,56,3.853160545446774,0.16481110768427037,0.3386235150337349
2.3,57,3.853160545446774,0.13651119829180078,0.284983815372514
2.3,58,3.853160545446774,0.18584482721868062,0.20844057241520195
2.3,59,3.853160545446774,0.3450863793222735,0.18580315003018721
2.3,60,3.853160545446774,0.1823098365260199,0.36011938738316845
2.3,61,3.853160545446774,0.13363772750208194,0.21383582892415395
2.3,62,3.853160545446774,0.26012178435010713,0.1649050440732999
2.3,63,3.853160545446774,0.1858413991243248,0.20660377030787125
2.4,0,3.6926121893864914,0.1781153191502292,0.2521754281574073
2.4,1,3.6926121893864914,0.14509946760279283,0.12748927279853006
2.4,2,3.6926121893864914,0.13911567996293164,0.3023492778641759
2.4,3,3.6926121893864914,0.15995226790167966,0.24749281309686164
2.4,4,3.6926121893864914,0.30380077665856525,0.14686741941811407
2.4,5,3.6926121893864914,0.1736104425050722,0.131805813304125
2.4,6,3.6926121893864914,0.24609680689173294,0.30206545458495887
2.4,7,3.6926121893864914,0.18458395458348514,0.18486356286921232
2.4,8,3.6926121893864914,0.27660537866207285,0.31178268036133633
2.4,9,3.6926121893864914,0.18468491280960556,0.13276751573570708
2.4,10,3.6926121893864914,0.3515293335642269,0.1780880313789578
2.4,11,3.6926121893864914,0.31175714711341834,0.14008825282509074
2.4,12,3.6926121893864914,0.17809176568509,0.25963129620855807
2.4,13,3.6926121893864914,0.28781000644952726,0.22905645326907417
2.4,14,3.6926121893864914,0.24524061321335353,0.2613753179242815
2.4,15,3.6926121893864914,0.28782672981425306,0.2657059273057535
2.4,16,3.6926121893864914,0.29504285447542505,0.12321805645478089
2.4,17,3.6926121893864914,0.2536756145649763,0.20337528767196894
2.4,18,3.6926121893864914,0.161852438283111,0.17681302011760935
2.4,19,3.6926121893864914,0.20311015434100996,0.187292682182143
2.4,20,3.6926121893864914,0.1579799892341626,0.1707862401053402
2.4,21,3.6926121893864914,0.24698654833810915,0.17062254190409204
2.4,22,3.6926121893864914,0.15944077081907146,0.2552703297403703
2.4,23,3.6926121893864914,0.2531171350681475,0.1346260390954154
2.4,24,3.6926121893864914,0.10971257507453372,0.21925880674423046
2.4,25,3.6926121893864914,0.3532762212182559,0.21250809254161068
2.4,26,3.6926121893864914,0.24283028043604993,0.31178497020004664
2.4,27,3.6926121893864914,0.27959743318892305,0.269930642558034
2.4,28,3.6926121893864914,0.2576543831501472,0.22994517327816313
2.4,29,3.6926121893864914,0.1847730043234316,0.3244946247256397
2.4,30,3.6926121893864914,0.24187460711150374,0.17159663822024085
2.4,31,3.6926121893864914,0.27499826275828126,0.3245104489423102
2.4,32,3.6926121893864914,0.26467493961815447,0.1866875845074292
2.4,33,3.6926121893864914,0.2552547860583032,0.41251313225812725
2.4,34,3.6926121893864914,0.20332814230663548,0.19392256012413464
2.4,35,3.6926121893864914,0.1293077983619721,0.14000831444244058
2.4,36,3.6926121893864914,0.19713769268705242,0.15850391874637645
2.4,37,3.6926121893864914,0.41252498920943786,0.18191592564690479
2.4,38,3.6926121893864914,0.2275017430066966,0.1340079001012434
2.4,39,3.6926121893864914,0.15795499131755536,0.23486149594718764
2.4,40,3.6926121893864914,0.2751142509228273,0.20970248319087198
2.4,41,3.6926121893864914,0.20080268813883534,0.24525457300031528
2.4,42,3.6926121893864914,0.27686986399078073,0.2175483299870688
2.4,43,3.6926121893864914,0.2008169467879579,0.15250731879060586
2.4,44,3.6926121893864914,0.16947722475070134,0.16183393044015967
2.4,45,3.6926121893864914,0.20061634898404018,0.19782165752009237
2.4,46,3.6926121893864914,0.3963505672074981,0.1975387789376572
2.4,47,3.6926121893864914,0.19109624651772175,0.3146866439121992
2.4,48,3.6926121893864914,0.28779214330163266,0.17036120185678655
2.4,49,3.6926121893864914,0.1591197027131122,0.11686394954678692
2.4,50,3.6926121893864914,0.20548784651933538,0.23984061556906652
2.4,51,3.6926121893864914,0.23429885957545213,0.2139492102728739
2.4,52,3.6926121893864914,0.14403438743029306,0.188776102862956
2.4,53,3.6926121893864914,0.18538921376589307,0.1865536679845803
2.4,54,3.6926121893864914,0.2047640595379277,0.15499108347385832
2.4,55,3.6926121893864914,0.18502181347660998,0.2217196957907458
2.4,56,3.6926121893864914,0.375945401038121,0.25215815471517605
2.4,57,3.6926121893864914,0.28783552156801256,0.22833178630175072
2.4,58,3.6926121893864914,0.2692557519479421,0.18412589088312936
2.4,59,3.6926121893864914,0.24996871911195828,0.39635229541875755
2.4,60,3.6926121893864914,0.13777598973432148,0.19125115298683784
2.4,61,3.6926121893864914,0.17697061280393236,0.32449544588111917
2.4,62,3.6926121893864914,0.36589044729139925,0.16546655565772816
2.4,63,3.6926121893864914,0.20429977677142994,0.2558325959774135
2.5,0,3.5449077018110318,0.13638968994451234,0.29339645048521934
2.5,1,3.5449077018110318,0.12931550624995908,0.23143518430730098
2.5,2,3.5449077018110318,0.1209134207122264,0.12583585810184233
2.5,3,3.5449077018110318,0.19891841471746932,0.15426164780089294
2.5,4,3.5449077018110318,0.22905132176298296,0.15588210245262565
2.5,5,3.5449077018110318,0.24799155391602384,0.3512411660706
2.5,6,3.5449077018110318,0.12600182839403823,0.2315595767892213
2.5,7,3.5449077018110318,0.28447353772306144,0.33747263646310394
2.5,8,3.5449077018110318,0.20827215232319657,0.16093112367187806
2.5,9,3.5449077018110318,0.27897298683360655,0.21731959187908742
2.5,10,3.5449077018110318,0.20177842009388797,0.20277527261825598
2.5,11,3.5449077018110318,0.28971207905215357,0.3519971219124419
2.5,12,3.5449077018110318,0.13917149369552634,0.3115343014924056
2.5,13,3.5449077018110318,0.19918682395185722,0.19135409930056263
2.5,14,3.5449077018110318,0.1430116722304613,0.2007630702367249
2.5,15,3.5449077018110318,0.16238820017941547,0.2763045800875851
2.5,16,3.5449077018110318,0.14568810275052785,0.1779742446328147
2.5,17,3.5449077018110318,0.22493986324828824,0.14497766698946496
2.5,18,3.5449077018110318,0.13899105538717477,0.27408508282395727
2.5,19,3.5449077018110318,0.13448876586199465,0.17462968414045724
2.5,20,3.5449077018110318,0.2654642679196293,0.16185147673109318
2.5,21,3.5449077018110318,0.11544888967979801,0.268085708826754
2.5,22,3.5449077018110318,0.18134255599135957,0.1512023518126821
2.5,23,3.5449077018110318,0.11128913358793766,0.15722037048905682
2.5,24,3.5449077018110318,0.2088301376132355,0.15456597918097553
2.5,25,3.5449077018110318,0.1312350851375223,0.19384070152072091
2.5,26,3.5449077018110318,0.12185762350939944,0.2550876262159519
2.5,27,3.5449077018110318,0.18184503183689077,0.14837772211495187
2.5,28,3.5449077018110318,0.22591700063834746,0.3960018434730313
2.5,29,3.5449077018110318,0.2339988790514079,0.27630030243620524
2.5,30,3.5449077018110318,0.18346638817221222,0.1306863217440201
2.5,31,3.5449077018110318,0.25502203476417873,0.2958441643483659
2.5,32,3.5449077018110318,0.36550381845182633,0.17495862742071377
2.5,33,3.5449077018110318,0.2155701974773523,0.38048251739977895
2.5,34,3.5449077018110318,0.24369365679753008,0.13204112985267122
2.5,35,3.5449077018110318,0.3655645587154591,0.2657952461336358
2.5,36,3.5449077018110318,0.2686201886511971,0.36556889054834585
2.5,37,3.5449077018110318,0.14795010996110308,0.13450984110136086
2.5,38,3.5449077018110318,0.2567531190454309,0.15425872800116516
2.5,39,3.5449077018110318,0.24078480702645147,0.20153420935089042
2.5,40,3.5449077018110318,0.2392051201545929,0.2961624435447711
2.5,41,3.5449077018110318,0.2771193179779916,0.2012365031025852
2.5,42,3.5449077018110318,0.3731327351460897,0.23004365623641082
2.5,43,3.5449077018110318,0.11994830729081843,0.23662453038667186
2.5,44,3.5449077018110318,0.229518437766259,0.1307774490624928
2.5,45,3.5449077018110318,0.3512441461075526,0.1715336060994858
2.5,46,3.5449077018110318,0.1775495521103408,0.17791688769910266
2.5,47,3.5449077018110318,0.125920867222629,0.25503828665666023
2.5,48,3.5449077018110318,0.2088214134978335,0.24483793654987976
2.5,49,3.5449077018110318,0.24533751715539087,0.24557448962298317
2.5,50,3.5449077018110318,0.24469810241239914,0.19372228929227556
2.5,51,3.5449077018110318,0.14988000713886593,0.18902662024445122
2.5,52,3.5449077018110318,0.20381755096567938,0.11333417866544546
2.5,53,3.5449077018110318,0.2110193142163193,0.15485752766198363
2.5,54,3.5449077018110318,0.1921223345031649,0.2254940607220755
2.5,55,3.5449077018110318,0.15119689256495036,0.23544939293362313
2.5,56,3.5449077018110318,0.24608076397226775,0.15494273968227926
2.5,57,3.5449077018110318,0.1954290496871965,0.16044973721467803
2.5,58,3.5449077018110318,0.1524838373116482,0.24505354060394877
2.5,59,3.5449077018110318,0.1533342465178747,0.17308539309869253
2.5,60,3.5449077018110318,0.20880969351517278,0.35123198161820257
2.5,61,3.5449077018110318,0.26062000504898775,0.3203561369629055
2.5,62,3.5449077018110318,0.2756974295551776,0.2210603841086793
2.5,63,3.5449077018110318,0.18219175678618518,0.1736481374689073
3.0,0,2.954089751509193,0.25959237544201097,0.1769745879929605
3.0,1,2.954089751509193,0.13791257546323732,0.1426383224531773
3.0,2,2.954089751509193,0.13385314745220533,0.23840603131285523
3.0,3,2.954089751509193,0.14264198728351726,0.22142241176785785
3.0,4,2.954089751509193,0.12454623683665189,0.15773398267820102
3.0,5,2.954089751509193,0.14731515808128512,0.21251841899906618
3.0,6,2.954089751509193,0.12669284599238675,0.24552633280893876
3.0,7,2.954089751509193,0.16506661657161004,0.24239766935244175
3.0,8,2.954089751509193,0.1740055920593865,0.2013403322201669
3.0,9,2.954089751509193,0.13739093224375168,0.13753329753830687
3.0,10,2.954089751509193,0.1553144962753551,0.24942217343887407
3.0,11,2.954089751509193,0.21255890830459148,0.18700065077275493
3.0,12,2.954089751509193,0.19195738399750736,0.2076175222347023
3.0,13,2.954089751509193,0.22758688693508825,0.17046961518545486
3.0,14,2.954089751509193,0.2125395356413732,0.18686208035719684
3.0,15,2.954089751509193,0.17782049576627168,0.17930095006744948
4.0,0,2.2155673136318947,0.16417232363763323,0.2146069295049614
4.0,1,2.2155673136318947,0.203124922442286,0.13582393607971244
4.0,2,2.2155673136318947,0.10702637506266008,0.11705200274910307
4.0,3,2.2155673136318947,0.19470006290479214,0.15940956941477752
4.0,4,2.2155673136318947,0.11186345276084018,0.1594289755056964
4.0,5,2.2155673136318947,0.16164758012482894,0.14304405047945457
4.0,6,2.2155673136318947,0.15789325551383718,0.1586889478539184
4.0,7,2.2155673136318947,0.13177540739952193,0.12741667216353803
4.0,8,2.2155673136318947,0.1471515286158889,0.17267507251027187
4.0,9,2.2155673136318947,0.1526801547026262,0.1707274343526758
4.0,10,2.2155673136318947,0.1839533808319388,0.14809360895802193
4.0,11,2.2155673136318947,0.10644861184324428,0.15461503727449474
4.0,12,2.2155673136318947,0.14714482662818984,0.09678458670277507
4.0,13,2.2155673136318947,0.14714874469657158,0.16541699129622173
4.0,14,2.2155673136318947,0.10807041459387118,0.19471285490018558
4.0,15,2.2155673136318947,0.10167477531310065,0.11226917412855328
8.0,0,1.1077836568159474,0.08746584652963577,0.0924191639669337
8.0,1,1.1077836568159474,0.10091711577612969,0.11891149026354704
8.0,2,1.1077836568159474,0.09048667226652332,0.08829370859555688
8.0,3,1.1077836568159474,0.08917745122902049,0.11890324415679875
8.0,4,1.1077836568159474,0.09779149308605839,0.11424937346583744
8.0,5,1.1077836568159474,0.11890759853805212,0.11423339739328672
8.0,6,1.1077836568159474,0.09734838928517464,0.10117376740338875
8.0,7,1.1077836568159474,0.08090570965850336,0.11890339409497884
8.0,8,1.1077836568159474,0.11327704036746136,0.09636942104592
8.0,9,1.1077836568159474,0.07475348776739721,0.1237554158787377
8.0,10,1.1077836568159474,0.09145824180625142,0.08366313983743634
8.0,11,1.1077836568159474,0.10545001930942549,0.09735544419224124
8.0,12,1.1077836568159474,0.10976465155424661,0.09087372356436733
8.0,13,1.1077836568159474,0.09566858281217412,0.11890390958612862
8.0,14,1.1077836568159474,0.1024613100782795,0.10546229107051538
8.0,15,1.1077836568159474,0.09353564506745284,0.11889984936464243
