matrix_size,lesion_sigma_px,sigma,n_pairs,dprime_analytic,h0_bottleneck_normalized,h0_bottleneck_normalized_se,h1_bottleneck_normalized,h1_bottleneck_normalized_se
64,3.0,0.25,16,21.269446210866192,0.7275958932510966,0.05127729377445313,0.7460828609249703,0.05324095725646211
64,3.0,0.35,16,15.19246157919014,0.7423011884580084,0.04432823966638929,0.7782961804287952,0.05591428446694539
64,3.0,0.5,64,10.634723105433096,0.6411385483809356,0.02303102674700857,0.5215113878026116,0.02884392398112406
64,3.0,0.65,64,8.180556234948535,0.46236697864540943,0.020551913738139502,0.4241267092169325,0.022001596617337166
64,3.0,0.8,64,6.646701940895685,0.3905242240511573,0.02109921816596746,0.32722342480470845,0.01826783727084355
64,3.0,1.0,64,5.317361552716548,0.2896633686227543,0.01720015302318837,0.2851148929098445,0.015440946063440333
64,3.0,1.25,64,4.253889242173239,0.25635307581755595,0.014621553571429859,0.22256931915653683,0.011196958178005643
64,3.0,1.6,64,3.3233509704478426,0.20286281970314513,0.010851362854761229,0.19473006589362468,0.01092860161740663
64,3.0,2.0,64,2.658680776358274,0.1805589242350397,0.009545315144760208,0.18179328311981294,0.009047185230605262
64,3.0,2.5,64,2.1269446210866194,0.15162066012159833,0.006609291992242508,0.15166086021962694,0.00689872944336888
64,3.0,3.2,64,1.6616754852239213,0.1348955163256621,0.005536846881081866,0.1486450156533582,0.006109107937569227
64,3.0,4.0,64,1.329340388179137,0.1325780226069086,0.0051395939499763585,0.1230068911972809,0.003987813750409853
64,3.0,5.0,64,1.0634723105433097,0.11054970488060187,0.003816399502300313,0.11194297300753367,0.004382082610937196
64,3.0,6.5,16,0.8180556234948535,0.09503458898549111,0.0059499768036139055,0.10391853649918965,0.005249118662732865
64,3.0,8.0,16,0.6646701940895685,0.08462099630477807,0.005052545975092268,0.0957222388653999,0.004683473550471562
64,3.0,12.0,16,0.443113462726379,0.06631729276737383,0.0020996428497117763,0.07131013933670974,0.0022130370002584
64,3.0,20.0,16,0.2658680776358274,0.04513128069676577,0.0009535312332217407,0.045188966729083915,0.000733388556736401
64,5.0,0.25,16,35.449077018110316,0.9721030684698215,0.052414327297754394,1.1081043318803183,0.06560438633145553
64,5.0,0.35,16,25.320769298650227,0.9422395824438466,0.0560432284385159,0.988461713218845,0.04008148054093366
64,5.0,0.5,64,17.724538509055158,0.8888484948467503,0.019457553806996333,0.7908905613057785,0.02504876582066349
64,5.0,0.65,64,13.63426039158089,0.7211916937272097,0.022190173957511126,0.627460581571005,0.018444498464581276
64,5.0,0.8,64,11.077836568159473,0.6045122950076807,0.020362494889989136,0.44910666788080794,0.014530991672497608
64,5.0,1.0,64,8.862269254527579,0.4629220752731602,0.019748289816426373,0.3804286828302359,0.013830926022638253
64,5.0,1.25,64,7.0898154036220635,0.36398223834001725,0.01495883921239754,0.33665056636664725,0.014746156614943455
64,5.0,1.6,64,5.538918284079736,0.2797575013826183,0.012544273584957357,0.2813156224042352,0.012474981647107693
64,5.0,2.0,64,4.4311346272637895,0.22326664506606714,0.009493605212761888,0.243253942068723,0.008751292435771886
64,5.0,2.5,64,3.5449077018110318,0.2061449464973349,0.00856973406132604,0.20904289112643176,0.007801836786444932
64,5.0,3.2,64,2.769459142039868,0.18370889669098522,0.006650312335790909,0.19092379479351218,0.006384444341919873
64,5.0,4.0,64,2.2155673136318947,0.15723900421684908,0.004795815308087629,0.16195554117275712,0.004364134220435596
64,5.0,5.0,64,1.7724538509055159,0.12962102636345174,0.004149864525086506,0.13548357402121738,0.0028261798126949277
64,5.0,6.5,16,1.363426039158089,0.11484266864618048,0.0055419003120872,0.1240868863080966,0.003580611872450905
64,5.0,8.0,16,1.1077836568159474,0.0973751457970855,0.0034063428963694493,0.10205174066598521,0.0034304252958326097
64,5.0,12.0,16,0.7385224378772982,0.0746323362067166,0.0015663883552010916,0.07587573943424254,0.0013276259852208912
64,5.0,20.0,16,0.44311346272637897,0.04743888585729442,0.0005176156139124009,0.0480188175152639,0.0003187938063436155
64,7.0,0.25,16,49.62870782067564,1.1073342390389525,0.037999784171203574,1.274737002882011,0.057330578730413397
64,7.0,0.35,16,35.44907701476832,1.1340147286567688,0.04370090474225563,1.1024206812734076,0.027387419699831876
64,7.0,0.5,64,24.81435391033782,1.0223543190336293,0.01943682954588387,0.9062816454497966,0.020234799982221427
64,7.0,0.65,64,19.08796454641371,0.8680464205877284,0.01738397220116173,0.7103338491712998,0.0183599271132532
64,7.0,0.8,64,15.508971193961138,0.7326512855590613,0.016636482141006298,0.5638652887669097,0.016410054330440106
64,7.0,1.0,64,12.40717695516891,0.544553509980001,0.016146097353201612,0.4888058152955219,0.016980491331788267
64,7.0,1.25,64,9.925741564135128,0.4225237054138456,0.014426095242927092,0.38529731547025137,0.014007660990139162
64,7.0,1.6,64,7.754485596980569,0.36869735440020635,0.012892429410646241,0.35328840941439327,0.010314105616660059
64,7.0,2.0,64,6.203588477584455,0.30288364481709207,0.009401749882722068,0.2873524307390407,0.009252657436715004
64,7.0,2.5,64,4.962870782067564,0.24523036350951594,0.007147534142780018,0.24101732854459762,0.007476943360291324
64,7.0,3.2,64,3.8772427984902844,0.19210649612578623,0.00560568860517404,0.2145798959342924,0.005233650711236734
64,7.0,4.0,64,3.1017942387922277,0.17294857026778207,0.004583691470567338,0.18013723377939542,0.004215597769908679
64,7.0,5.0,64,2.481435391033782,0.15477039550286106,0.002906082693826963,0.15473902136988665,0.0029620634168821616
64,7.0,6.5,16,1.908796454641371,0.12103895688195139,0.003729495696925317,0.12603134500563967,0.00355504236891369
64,7.0,8.0,16,1.5508971193961139,0.10586389013408727,0.0038243573585358087,0.10920566170697663,0.0019330406178235465
64,7.0,12.0,16,1.0339314129307426,0.0759690469450821,0.0013187652132330082,0.0780364554959499,0.001270673933243191
64,7.0,20.0,16,0.6203588477584455,0.048503464600516855,0.0002772346209807539,0.04918277763838423,0.00020150920261446283
96,3.0,0.25,16,21.269446210866192,0.74836539679637,0.04714610597706558,0.7621562950745704,0.05537515791832713
96,3.0,0.35,16,15.19246157919014,0.7298686932928071,0.057057384621420154,0.6985145846466478,0.051284054006267135
96,3.0,0.5,64,10.634723105433096,0.5724938026742549,0.026613305725829612,0.47193265079115077,0.0234279652581635
96,3.0,0.65,64,8.180556234948535,0.48734736842577386,0.02588589310764667,0.39303433642070096,0.027386474275798284
96,3.0,0.8,64,6.646701940895685,0.3268131987436729,0.020392500487206824,0.2631956731890298,0.01589131366282652
96,3.0,1.0,64,5.317361552716548,0.2444148666690711,0.015164918384726476,0.24400676765512214,0.01662314824718573
96,3.0,1.25,64,4.253889242173239,0.18566991831356122,0.011797998720182142,0.16728721748575173,0.009458040521900952
96,3.0,1.6,64,3.3233509704478426,0.15122760593459708,0.008301160281565642,0.16660018035356383,0.012662775357802608
96,3.0,2.0,64,2.658680776358274,0.13950218309740578,0.008516456232146422,0.14490838371926407,0.007707796813288646
96,3.0,2.5,64,2.1269446210866194,0.11771516111969166,0.0061917790346572125,0.13157141118363888,0.00803973939729475
96,3.0,3.2,64,1.6616754852239213,0.11056184763087855,0.005794489925547608,0.10954255296230034,0.005778985919378694
96,3.0,4.0,64,1.329340388179137,0.09220096966356109,0.004431166452710884,0.10437919997506934,0.004731161219018243
96,3.0,5.0,64,1.0634723105433097,0.08509371159868301,0.0038130620154062517,0.09387432268637136,0.0040707813480304784
96,3.0,6.5,16,0.8180556234948535,0.07063451529141289,0.003161665276195462,0.08167818464645014,0.005992081610776697
96,3.0,8.0,16,0.6646701940895685,0.07154316612389568,0.0049001683328716485,0.07682077789491377,0.004728805765325539
96,3.0,12.0,16,0.443113462726379,0.05850295684781785,0.0030189232996371182,0.06206472184584,0.0034978638903589783
96,3.0,20.0,16,0.2658680776358274,0.042909465525901316,0.0016317530160684546,0.04003567749003479,0.0007588387583886163
96,5.0,0.25,16,35.449077018110316,0.9256216929755361,0.06086459447428278,1.228026123445134,0.05594841171927845
96,5.0,0.35,16,25.320769298650227,0.9784075003729725,0.03750661136879824,0.9076070004625616,0.03186001144921642
96,5.0,0.5,64,17.724538509055158,0.8373824149403308,0.020935127292339376,0.6938027414280444,0.02328796016192344
96,5.0,0.65,64,13.63426039158089,0.6779969397137822,0.023298100663522083,0.5081592719421251,0.019716682697076614
96,5.0,0.8,64,11.077836568159473,0.4957998777935475,0.020872748793291887,0.4013926136095556,0.014694902228474586
96,5.0,1.0,64,8.862269254527579,0.3963052752259215,0.019113488134374645,0.3390454955818027,0.01682894414470645
96,5.0,1.25,64,7.0898154036220635,0.29524880140852505,0.013442526719627354,0.25609785092737297,0.01399634200142019
96,5.0,1.6,64,5.538918284079736,0.24349902012441021,0.013492734822436287,0.2202472049067557,0.009861184818053589
96,5.0,2.0,64,4.4311346272637895,0.17608973653998072,0.0073750213153234755,0.20237456213952704,0.010563747142363245
96,5.0,2.5,64,3.5449077018110318,0.17196505579311644,0.009284335076198686,0.17193730923805756,0.0068439407450658005
96,5.0,3.2,64,2.769459142039868,0.15131262439731416,0.00674392406777494,0.14945300478751164,0.005405208370984742
96,5.0,4.0,64,2.2155673136318947,0.11301475853385426,0.0044338516811828895,0.13127529021431122,0.004603445653995086
96,5.0,5.0,64,1.7724538509055159,0.10886861555292932,0.003954190492552381,0.12236474645444315,0.004136537826543002
96,5.0,6.5,16,1.363426039158089,0.09428887874162027,0.007502809873880167,0.10144212133943144,0.0042424339632229965
96,5.0,8.0,16,1.1077836568159474,0.0820670492078285,0.004474141054992676,0.09155417662208552,0.004463696843882341
96,5.0,12.0,16,0.7385224378772982,0.0694466693848456,0.002681241185268576,0.06521148350419104,0.0025860453044063538
96,5.0,20.0,16,0.44311346272637897,0.04536687169748477,0.0009915106517412965,0.047128147585946537,0.0007159617365441905
96,7.0,0.25,16,49.62870782535444,1.1149081292469487,0.04040625040153382,1.1907487862571156,0.05335149927396808
96,7.0,0.35,16,35.449077018110316,1.1112124362562281,0.035471805692534435,1.1401285757052488,0.07298288564919345
96,7.0,0.5,64,24.81435391267722,1.0087221903555417,0.018061053541946037,0.7901097352493343,0.02133499052784204
96,7.0,0.65,64,19.087964548213247,0.843125206693207,0.0184382522105155,0.6246836398377685,0.015307479392307272
96,7.0,0.8,64,15.508971195423262,0.6370132890343457,0.01918185055847049,0.5192664721626908,0.018462366041856918
96,7.0,1.0,64,12.40717695633861,0.4891478837826332,0.015605199469923265,0.39029390386504603,0.018152877840991753
96,7.0,1.25,64,9.925741565070888,0.3806244103947587,0.016792140211407108,0.33442478039470014,0.011866771121115557
96,7.0,1.6,64,7.754485597711631,0.29140134765680425,0.011443228282131603,0.27137554369064987,0.01243614515908655
96,7.0,2.0,64,6.203588478169305,0.2409817333078791,0.011493052764319875,0.2376824684053554,0.009441463669485884
96,7.0,2.5,64,4.962870782535444,0.2076854821064481,0.007037972176489588,0.1871943985944561,0.007599475035172289
96,7.0,3.2,64,3.8772427988558156,0.171073836058742,0.006378339683743009,0.1799625271499496,0.006260325613553901
96,7.0,4.0,64,3.1017942390846525,0.14558084395770493,0.004089983436362644,0.15339266069615054,0.004770640789690069
96,7.0,5.0,64,2.481435391267722,0.12710620488557015,0.0037422457496931938,0.12528423499256253,0.0032214514982333974
96,7.0,6.5,16,1.9087964548213245,0.10770321519258572,0.006193431204846089,0.11657511736210355,0.0049290595283786225
96,7.0,8.0,16,1.5508971195423262,0.10167773091408265,0.0036465905457634096,0.09695048015375307,0.002936606185473376
96,7.0,12.0,16,1.0339314130282176,0.07034398104781821,0.0021032539172914505,0.07141488442882263,0.0013834328340441699
96,7.0,20.0,16,0.6203588478169305,0.047155669778659884,0.0006526947567973705,0.0474295848564098,0.00037592417463733983
128,3.0,0.25,16,21.269446210866192,0.7564922165278762,0.03962871531516615,0.8273648402355186,0.05076254506664287
128,3.0,0.35,16,15.19246157919014,0.588460729636138,0.038493889045745584,0.6479996394589871,0.03923703154556184
128,3.0,0.5,64,10.634723105433096,0.5179855539702539,0.023445887946423803,0.4164329182026972,0.02322201098602391
128,3.0,0.65,64,8.180556234948535,0.34430005189247126,0.019050201132734534,0.31789716002683055,0.01721714217352731
128,3.0,0.8,64,6.646701940895685,0.28861008436346636,0.021612935528357163,0.24923353955700583,0.018447082626289225
128,3.0,1.0,64,5.317361552716548,0.19236616252581312,0.014195003800732046,0.20326880589532426,0.016125654202126458
128,3.0,1.25,64,4.253889242173239,0.16802665295210586,0.010297670625785163,0.17713937056603232,0.01351461024708606
128,3.0,1.6,64,3.3233509704478426,0.12726816227211707,0.007916686587712178,0.12942294109521174,0.008256774086898793
128,3.0,2.0,64,2.658680776358274,0.10578852145192588,0.006751742116877452,0.11365673895359232,0.0057760071363024785
128,3.0,2.5,64,2.1269446210866194,0.08911105883752107,0.004610483555856802,0.11506312272704365,0.007366698058859953
128,3.0,3.2,64,1.6616754852239213,0.08842506656123023,0.005705189405438109,0.09978421695813317,0.005617136455086031
128,3.0,4.0,64,1.329340388179137,0.07698079966205083,0.0036687350937487464,0.082256790104955,0.0033331508418827827
128,3.0,5.0,64,1.0634723105433097,0.07635435913876301,0.004143726710789119,0.07739378141455788,0.0033473711263463687
128,3.0,6.5,16,0.8180556234948535,0.067730295051864,0.004918409823891989,0.07259966521452985,0.006201898740829668
128,3.0,8.0,16,0.6646701940895685,0.06460565738305163,0.004803242137427562,0.06813556684353586,0.004375762641096104
128,3.0,12.0,16,0.443113462726379,0.04805551511320058,0.0029348400517110766,0.05045075749047215,0.0023878910959316342
128,3.0,20.0,16,0.2658680776358274,0.036638515453316284,0.0014107237869210323,0.04008626907991282,0.0017044294819258266
128,5.0,0.25,16,35.44907701811032,0.9358265269541138,0.073408552774102,1.0877670689884864,0.034730663616278086
128,5.0,0.35,16,25.320769298650234,0.9705164429569022,0.049553771508432126,0.9278477885848645,0.04960006495983947
128,5.0,0.5,64,17.72453850905516,0.8031896074659921,0.02383849646902612,0.6388454107295407,0.0232654172166058
128,5.0,0.65,64,13.634260391580893,0.6256531948309851,0.019380794166661098,0.4580146158844952,0.02019595800326012
128,5.0,0.8,64,11.077836568159475,0.4646551991805082,0.018699779057158368,0.3752144950112164,0.0191664474866133
128,5.0,1.0,64,8.86226925452758,0.3678451641790157,0.02165073925126354,0.27524916397970445,0.01214654192319344
128,5.0,1.25,64,7.089815403622064,0.2776922720426674,0.017724899896340216,0.23516575746194165,0.014783111323372787
128,5.0,1.6,64,5.538918284079737,0.22373558386590608,0.012458456474925085,0.17952660067272685,0.008946879986112233
128,5.0,2.0,64,4.43113462726379,0.17598941035282256,0.010739130344453772,0.15215945016146917,0.00657901065009043
128,5.0,2.5,64,3.544907701811032,0.15042325446712607,0.008152545621497672,0.14344452702135732,0.007101855666221618
128,5.0,3.2,64,2.7694591420398686,0.11419528343255522,0.005518048747034471,0.12967765486042684,0.006736170628289565
128,5.0,4.0,64,2.215567313631895,0.10339815102730625,0.004499933783196445,0.11508652583182977,0.005032588597259816
128,5.0,5.0,64,1.772453850905516,0.09623888608472314,0.003941386598748569,0.09910692246369185,0.00368926796579075
128,5.0,6.5,16,1.3634260391580892,0.06897733815420429,0.004887691287683213,0.08852160159663866,0.004726832369105166
128,5.0,8.0,16,1.1077836568159476,0.07117009474078406,0.005069134673276302,0.08196115185758804,0.004980290444852258
128,5.0,12.0,16,0.7385224378772984,0.055505892069168054,0.003091644133251326,0.06469067829287603,0.0032179312179594385
128,5.0,20.0,16,0.443113462726379,0.04159296011200095,0.0015569377351289956,0.04230705538532579,0.0012004166326078103
128,7.0,0.25,16,49.62870782535445,1.1357947523203125,0.06515703492870463,1.2500824937353472,0.05223920153443352
128,7.0,0.35,16,35.44907701811032,1.093599046524081,0.060015725537325565,1.0631433627968792,0.03921707620585203
128,7.0,0.5,64,24.814353912677223,0.9926737338193911,0.019061031435170298,0.7871350520058409,0.0241571857822924
128,7.0,0.65,64,19.087964548213247,0.7746943199645533,0.020924096859509703,0.5782916510201841,0.021551396867386774
128,7.0,0.8,64,15.508971195423264,0.5779748198904524,0.02009584876148617,0.4495146457999277,0.018118072165091884
128,7.0,1.0,64,12.407176956338612,0.4081978987605036,0.014280732914891615,0.35042179511323623,0.01347349245937879
128,7.0,1.25,64,9.92574156507089,0.3384575007182484,0.01385157030982393,0.3069173653803321,0.015096093241713699
128,7.0,1.6,64,7.754485597711632,0.26253538611760135,0.011934681024095246,0.22239823900684103,0.009054083067007416
128,7.0,2.0,64,6.203588478169306,0.19608549916579798,0.009697476648870603,0.20644392673835973,0.008651038318321045
128,7.0,2.5,64,4.962870782535445,0.16869806833035722,0.007719828341721951,0.18111726320958824,0.007888858637099523
128,7.0,3.2,64,3.877242798855816,0.14325720713359769,0.006137921748149407,0.15073332557412644,0.006502652921925867
128,7.0,4.0,64,3.101794239084653,0.12802072692908428,0.0053821509848839,0.13838124034497135,0.005304935535384491
128,7.0,5.0,64,2.4814353912677225,0.11019345156398455,0.003829769859961137,0.12307786235202234,0.00379046955256637
128,7.0,6.5,16,1.9087964548213248,0.10770740019572553,0.006124480397071405,0.0910517808716081,0.0059341778118438444
128,7.0,8.0,16,1.5508971195423265,0.08424195347207836,0.003924614505391248,0.08552468956299344,0.004716607815723978
128,7.0,12.0,16,1.0339314130282176,0.06253472723267331,0.0020949956677492223,0.06433333469038571,0.002618262891093954
128,7.0,20.0,16,0.6203588478169306,0.04297988303901349,0.0011063868443643562,0.044064883399991414,0.0009706934724583274
